:020000040800F2
:1000000000500020CD2E0008B92D0008BB2D00089F
:10001000BD2D0008BF2D0008C12D00080000000004
:100020000000000000000000000000001171000846
:10003000C32D000800000000A1710008C52D0008B4
:10004000152F0008152F0008152F0008152F000880
:10005000152F0008152F0008152F0008152F000870
:10006000152F0008152F0008152F0008152F000860
:10007000152F0008152F0008152F0008152F000850
:10008000152F0008152F0008152F0008152F000840
:10009000DD2D0008152F0008152F0008152F00086A
:1000A000152F0008152F0008152F0008152F000820
:1000B000E92D0008152F0008152F0008152F00083E
:1000C000152F0008152F0008152F0008152F000800
:1000D000152F0008F52D0008012E00080D2E000830
:1000E000152F0008152F0008152F0008000000002C
:1000F0000000000000000000000000000000000000
:0C01000000000000000000005FF808F1A3
:1001100010B5054C237833B9044B13B10448AFF341
:1001200000800123237010BDE801002000000000C2
:100130001C9F000808B5034B1BB103490348AFF3EC
:10014000008008BD00000000EC0100201C9F00089A
:10015000034613F8012B002AFBD1181A0138704707
:1001600081F0004102E000BF83F0004330B54FEA68
:1001700041044FEA430594EA050F08BF90EA020FD5
:100180001FBF54EA000C55EA020C7FEA645C7FEA68
:10019000655C00F0E2804FEA5454D4EB5555B8BF8B
:1001A0006D420CDD2C4480EA020281EA030382EAFC
:1001B000000083EA010180EA020281EA0303362D8E
:1001C00088BF30BD11F0004F4FEA01314FF4801C61
:1001D0004CEA113102D0404261EB410113F0004F73
:1001E0004FEA03334CEA133302D0524263EB43032A
:1001F00094EA050F00F0A780A4F10104D5F1200EC8
:100200000DDB02FA0EFC22FA05F2801841F1000122
:1002100003FA0EF2801843FA05F359410EE0A5F1F6
:1002200020050EF1200E012A03FA0EFC28BF4CF027
:10023000020C43FA05F3C01851EBE37101F00045DD
:1002400007D54FF0000EDCF1000C7EEB00006EEBEA
:100250000101B1F5801F1BD3B1F5001F0CD3490874
:100260005FEA30004FEA3C0C04F101044FEA4452CB
:1002700012F5800F80F09A80BCF1004F08BF5FEA52
:10028000500C50F1000041EB045141EA050130BD32
:100290005FEA4C0C404141EB0101013C28BFB1F544
:1002A000801FE9D291F0000F04BF01460020B1FA8F
:1002B00081F308BF2033A3F10B03B3F120020CDA62
:1002C0000C3208DD02F1140CC2F10C0201FA0CF040
:1002D00021FA02F10CE002F11402D8BFC2F1200CA5
:1002E00001FA02F120FA0CFCDCBF41EA0C0190405B
:1002F000E41AA2BF01EB0451294330BD6FEA0404A4
:100300001F3C1CDA0C340EDC04F11404C4F120028E
:1003100020FA04F001FA02F340EA030021FA04F3A0
:1003200045EA030130BDC4F10C04C4F1200220FAF7
:1003300002F001FA04F340EA0300294630BD21FA35
:1003400004F0294630BD94F0000F83F4801306BFFB
:1003500081F480110134013D4EE77FEA645C18BFEF
:100360007FEA655C29D094EA050F08BF90EA020F86
:1003700005D054EA000C04BF1946104630BD91EA7E
:10038000030F1EBF0021002030BD5FEA545C05D181
:100390004000494128BF41F0004130BD14F58004C0
:1003A0003CBF01F5801130BD01F0004545F0FE4134
:1003B00041F470014FF0000030BD7FEA645C1ABF69
:1003C000194610467FEA655C1CBF0B46024650EAA0
:1003D000013406BF52EA033591EA030F41F40021CC
:1003E00030BD00BF90F0000F04BF0021704730B552
:1003F0004FF4806404F132044FF000054FF0000127
:1004000050E700BF90F0000F04BF0021704730B5E7
:100410004FF4806404F1320410F0004548BF4042BC
:100420004FF000013EE700BF42004FEAE2014FEA11
:1004300031014FEA02701FBF12F07F4393F07F4FEC
:1004400081F06051704732F07F4208BF704793F0EF
:100450007F4F04BF41F40021704730B54FF4607402
:1004600001F0004521F000411CE700BF50EA010205
:1004700008BF704730B54FF000050AE050EA0102AE
:1004800008BF704730B511F0004502D5404261EB1E
:1004900041014FF4806404F132045FEA915C3FF45F
:1004A000D8AE4FF003025FEADC0C18BF03325FEAFC
:1004B000DC0C18BF033202EBDC02C2F1200300FAAD
:1004C00003FC20FA02F001FA03FE40EA0E0021FAD2
:1004D00002F11444BDE600BF70B54FF0FF0C4CF4C0
:1004E000E06C1CEA11541DBF1CEA135594EA0C0F72
:1004F00095EA0C0F00F0DEF82C4481EA030621EAAD
:100500004C5123EA4C5350EA013518BF52EA0335E7
:1005100041F4801143F4801338D0A0FB02CE4FF099
:100520000005E1FB02E506F00042E0FB03E54FF0C9
:100530000006E1FB03569CF0000F18BF4EF0010EC1
:10054000A4F1FF04B6F5007F64F5407404D25FEABD
:100550004E0E6D4146EB060642EAC62141EA555170
:100560004FEAC52040EA5E504FEACE2EB4F1FD0CB2
:1005700088BFBCF5E06F1ED8BEF1004F08BF5FEA30
:10058000500E50F1000041EB045170BD06F00046E2
:1005900046EA010140EA020081EA0301B4EB5C048F
:1005A000C2BFD4EB0C0541EA045170BD41F4801187
:1005B0004FF0000E013C00F3AB8014F1360FDEBFAC
:1005C000002001F0004170BDC4F10004203C35DA88
:1005D0000C341BDC04F11404C4F1200500FA05F30B
:1005E00020FA04F001FA05F240EA020001F00042AC
:1005F00021F0004110EBD37021FA04F642EB060122
:100600005EEA430E08BF20EAD37070BDC4F10C044B
:10061000C4F1200500FA04F320FA05F001FA04F20F
:1006200040EA020001F0004110EBD37041F10001FB
:100630005EEA430E08BF20EAD37070BDC4F1200506
:1006400000FA05F24EEA020E20FA04F301FA05F26E
:1006500043EA020321FA04F001F0004121FA04F216
:1006600020EA020000EBD3705EEA430E08BF20EAE6
:10067000D37070BD94F0000F0FD101F00046400020
:1006800041EB010111F4801F08BF013CF7D041EAA2
:10069000060195F0000F18BF704703F000465200A6
:1006A00043EB030313F4801F08BF013DF7D043EA77
:1006B0000603704794EA0C0F0CEA135518BF95EA2D
:1006C0000C0F0CD050EA410618BF52EA4306D1D1B4
:1006D00081EA030101F000414FF0000070BD50EAD3
:1006E000410606BF1046194652EA430619D094EA5D
:1006F0000C0F02D150EA013613D195EA0C0F05D147
:1007000052EA03361CBF104619460AD181EA03019A
:1007100001F0004141F0FE4141F470014FF0000052
:1007200070BD41F0FE4141F4780170BD70B54FF0ED
:10073000FF0C4CF4E06C1CEA11541DBF1CEA13556D
:1007400094EA0C0F95EA0C0F00F0A7F8A4EB05044F
:1007500081EA030E52EA03354FEA013100F0888046
:100760004FEA03334FF0805545EA131343EA12630F
:100770004FEA022245EA111545EA10654FEA0026C4
:100780000EF000419D4208BF964244F1FD0404F57D
:10079000407402D25B084FEA3202B61A65EB0305D9
:1007A0005B084FEA32024FF480104FF4002CB6EB96
:1007B000020E75EB030E22BFB61A754640EA0C0016
:1007C0005B084FEA3202B6EB020E75EB030E22BF56
:1007D000B61A754640EA5C005B084FEA3202B6EB97
:1007E000020E75EB030E22BFB61A754640EA9C0056
:1007F0005B084FEA3202B6EB020E75EB030E22BF26
:10080000B61A754640EADC0055EA060E18D04FEAE3
:10081000051545EA16754FEA06164FEAC30343EA83
:1008200052734FEAC2025FEA1C1CC0D111F4801F50
:100830000BD141EA00014FF000004FF0004CB6E749
:1008400011F4801F04BF01430020B4F1FD0C88BFE8
:10085000BCF5E06F3FF6AFAEB5EB030C04BFB6EBF3
:10086000020C5FEA500C50F1000041EB045170BDE6
:100870000EF0004E4EEA113114EB5C04C2BFD4EB13
:100880000C0541EA045170BD41F480114FF0000E97
:10089000013C90E645EA060E8DE60CEA135594EA13
:1008A0000C0F08BF95EA0C0F3FF43BAF94EA0C0F16
:1008B0000AD150EA01347FF434AF95EA0C0F7FF48B
:1008C00025AF104619462CE795EA0C0F06D152EADF
:1008D00003353FF4FDAE1046194622E750EA4106C3
:1008E00018BF52EA43067FF4C5AE50EA41047FF4D4
:1008F0000DAF52EA43057FF4EBAE12E74FF0FF3C39
:1009000006E000BF4FF0010C02E000BF4FF0010C09
:100910004DF804CD4FEA410C7FEA6C5C4FEA430C82
:1009200018BF7FEA6C5C1BD001B050EA410C0CBFD1
:1009300052EA430C91EA030F02BF90EA020F002033
:10094000704710F1000F91EA030F58BF994208BF9A
:1009500090422CBFD8176FEAE37040F00100704757
:100960004FEA410C7FEA6C5C02D150EA013C07D1AE
:100970004FEA430C7FEA6C5CD6D152EA033CD3D0F9
:100980005DF8040B704700BF8446104662468C46F3
:100990001946634600E000BF01B5FFF7B7FF002826
:1009A00048BF10F1000F01BD4DF808EDFFF7F4FF4F
:1009B0000CBF012000205DF808FB00BF4DF808EDDA
:1009C000FFF7EAFF34BF012000205DF808FB00BFFD
:1009D0004DF808EDFFF7E0FF94BF012000205DF81F
:1009E00008FB00BF4DF808EDFFF7CEFF94BF0120D4
:1009F00000205DF808FB00BF4DF808EDFFF7C4FFCD
:100A000034BF012000205DF808FB00BF4FEA410C15
:100A10007FEA6C5C02D150EA013C0AD14FEA430CF8
:100A20007FEA6C5C02D152EA033C02D14FF0000035
:100A300070474FF0010070474FEA410212F5001273
:100A400015D211D56FF47873B3EB625212D94FEA15
:100A5000C12343F0004343EA505311F0004F23FAFF
:100A600002F018BF404270474FF00000704750EA54
:100A7000013005D111F0004008BF6FF00040704711
:100A80004FF00000704700BF80F0004002E000BF60
:100A900081F0004142001FBF5FEA410392EA030F69
:100AA0007FEA226C7FEA236C6AD04FEA1262D2EBB3
:100AB0001363C1BFD218414048404140B8BF5B42B8
:100AC000192B88BF704710F0004F40F4000020F051
:100AD0007F4018BF404211F0004F41F4000121F067
:100AE0007F4118BF494292EA030F3FD0A2F10102B1
:100AF00041FA03FC10EB0C00C3F1200301FA03F1EF
:100B000000F0004302D5494260EB4000B0F5000F11
:100B100013D3B0F1807F06D340084FEA310102F1D0
:100B20000102FE2A51D2B1F1004F40EBC25008BF82
:100B300020F0010040EA03007047490040EB00004C
:100B4000013A28BFB0F5000FEDD2B0FA80FCACF14D
:100B5000080CB2EB0C0200FA0CF0AABF00EBC2507A
:100B600052421843BCBFD0401843704792F0000F68
:100B700081F4000106BF80F400000132013BB5E7BB
:100B80004FEA41037FEA226C18BF7FEA236C21D031
:100B900092EA030F04D092F0000F08BF0846704796
:100BA00090EA010F1CBF0020704712F07F4F04D164
:100BB000400028BF40F00040704712F100723CBF77
:100BC00000F50000704700F0004343F0FE4040F4A1
:100BD000000070477FEA226216BF08467FEA23635F
:100BE0000146420206BF5FEA412390EA010F40F44A
:100BF000800070474FF0000304E000BF10F0004396
:100C000048BF40425FEA000C08BF704743F096437C
:100C100001464FF000001CE050EA010208BF704797
:100C20004FF000030AE000BF50EA010208BF70471E
:100C300011F0004302D5404261EB41015FEA010C33
:100C400002BF84460146002043F0B64308BFA3F12B
:100C50008053A3F50003BCFA8CF2083AA3EBC2530D
:100C600010DB01FA02FC634400FA02FCC2F120022C
:100C7000BCF1004F20FA02F243EB020008BF20F063
:100C80000100704702F1200201FA02FCC2F12002C9
:100C900050EA4C0021FA02F243EB020008BF20EABE
:100CA000DC7070474FF0FF0C1CEAD0521EBF1CEAEC
:100CB000D15392EA0C0F93EA0C0F6FD01A4480EADA
:100CC000010C400218BF5FEA41211ED04FF00063C3
:100CD00043EA501043EA5111A0FB01310CF00040EF
:100CE000B1F5000F3EBF490041EAD3715B0040EA15
:100CF000010062F17F02FD2A1DD8B3F1004F40EBE5
:100D0000C25008BF20F00100704790F0000F0CF0B7
:100D1000004C08BF49024CEA502040EA51207F3A7B
:100D2000C2BFD2F1FF0340EAC250704740F4000056
:100D30004FF00003013A5DDC12F1190FDCBF00F047
:100D400000407047C2F10002410021FA02F1C2F1F5
:100D5000200200FA02FC5FEA310040F1000053EA91
:100D60004C0308BF20EADC70704792F0000F00F0DF
:100D7000004C02BF400010F4000F013AF9D040EAE5
:100D80000C0093F0000F01F0004C02BF490011F479
:100D9000000F013BF9D041EA0C018FE70CEAD15377
:100DA00092EA0C0F18BF93EA0C0F0AD030F0004CF7
:100DB00018BF31F0004CD8D180EA010000F00040AB
:100DC000704790F0000F17BF90F0004F084691F069
:100DD000000F91F0004F14D092EA0C0F01D14202A3
:100DE0000FD193EA0C0F03D14B0218BF084608D16C
:100DF00080EA010000F0004040F0FE4040F40000B6
:100E0000704740F0FE4040F4400070474FF0FF0C48
:100E10001CEAD0521EBF1CEAD15392EA0C0F93EA8F
:100E20000C0F69D0A2EB030280EA010C49024FEAE1
:100E3000402037D04FF0805343EA111143EA10139A
:100E40000CF000408B4238BF5B0042F17D024FF452
:100E5000000C8B4224BF5B1A40EA0C00B3EB510F2D
:100E600024BFA3EB510340EA5C00B3EB910F24BF16
:100E7000A3EB910340EA9C00B3EBD10F24BFA3EB9B
:100E8000D10340EADC001B0118BF5FEA1C1CE0D163
:100E9000FD2A3FF650AF8B4240EBC25008BF20F016
:100EA000010070470CF0004C4CEA50207F32C2BF6A
:100EB000D2F1FF0340EAC250704740F400004FF007
:100EC0000003013A37E792F0000F00F0004C02BF38
:100ED000400010F4000F013AF9D040EA0C0093F002
:100EE000000F01F0004C02BF490011F4000F013B5C
:100EF000F9D041EA0C0195E70CEAD15392EA0C0FC4
:100F000008D142027FF47DAF93EA0C0F7FF470AFFB
:100F1000084676E793EA0C0F04D14B023FF44CAF3E
:100F200008466EE730F0004C18BF31F0004CCAD1D3
:100F300030F000427FF45CAF31F000437FF43CAF0F
:100F40005FE700BF4FF0FF3C06E000BF4FF0010C31
:100F500002E000BF4FF0010C4DF804CD4FEA400213
:100F60004FEA41037FEA226C18BF7FEA236C11D05D
:100F700001B052EA530C18BF90EA010F58BFB2EB10
:100F8000030088BFC81738BF6FEAE17018BF40F090
:100F9000010070477FEA226C02D15FEA402C05D144
:100FA0007FEA236CE4D15FEA412CE1D05DF8040BC9
:100FB000704700BF844608466146FFE70FB5FFF75C
:100FC000C9FF002848BF10F1000F0FBD4DF808ED14
:100FD000FFF7F4FF0CBF012000205DF808FB00BF05
:100FE0004DF808EDFFF7EAFF34BF012000205DF85F
:100FF00008FB00BF4DF808EDFFF7E0FF94BF0120AC
:1010000000205DF808FB00BF4DF808EDFFF7D2FFA8
:1010100094BF012000205DF808FB00BF4DF808EDEB
:10102000FFF7C8FF34BF012000205DF808FB00BFB8
:1010300042000ED2B2F1FE4F0BD34FF09E03B3EB42
:10104000126209D44FEA002343F0004323FA02F06E
:1010500070474FF00000704712F1610F01D142025A
:1010600002D14FF0FF3070474FF00000704700BFD3
:1010700010B5074C6089FFF7C1FD0649FFF7C4FFB3
:1010800020B1A0882388C31A5842584110BD00BF20
:10109000CE0900200000C041054B0246597881422C
:1010A00004D058700221034802F036B9704700BFDF
:1010B00004020020000C0140044A1178814204D04F
:1010C000107010B99070FFF7E7BF7047040200205E
:1010D000024B187800B19878704700BF04020020D6
:1010E00038B501F05BFF1B4C6368A578C31A632B0E
:1010F00001D8284638BD012D606008D0022D1BD0D4
:101100005DB923784BB101F0ADFC012312E02378E7
:101110002BB90020A070FFF7BFFFA078EAE701F02D
:10112000A1FCFFF7A5FFE0700028F6D02846FFF7E6
:10113000B3FF0223A370F0E72378002BE9D001F07E
:1011400091FCFFF795FFE0700028E6D1FFF7A4FFC0
:10115000DBE700BF0402002010B50023A5241049DE
:101160000A1F0B604B600B7201F8044C4021517058
:1011700008219070D1701046194612F8014B0133C6
:1011800021440B2BC9B2F8D1017364230D22054908
:10119000054804F08CF8B0FA80F0400910BD00BF9B
:1011A0005703002053030020A4060020F8B5342282
:1011B000044600211B4806F082FF342200211A4811
:1011C00006F07DFF0D22C82362431649174804F03C
:1011D000BCF8034628B9144912489C4203D80120A0
:1011E00000E00020F8BD0F4602460D4600F10C0657
:1011F00052F804CBB24245F804CBF9D112780E462E
:101200002A700022154616F801CB013562440C2DD8
:10121000D2B2F8D13D7B0D31954200F10D00E0D105
:101220000133DAE7EB0200201F030020A4060020B0
:10123000F8B59020FFF790FF10B900252846F8BDBB
:101240000120FFF7B3FF05460028F6D0124F3C8976
:1012500064BAA4B2A4F5EA44303C2046FFF7CEFCC1
:101260000E49FFF7D3FD0E49FFF7B0FE0028E4D189
:101270007E8976BAB0B2FFF7C1FC0849FFF7C6FD18
:101280000849FFF7CBFE0028D7D1BA88064B52BADF
:101290001A825C829E82D1E71F0300200000204159
:1012A00000803BC50000C8421002002010B591200C
:1012B000FFF752FF08B9002010BD0120FFF776FFAD
:1012C0000028F8D0074C084AA179A3889176B4F891
:1012D00007105BBA49BA647AD3825B1A1183D47659
:1012E0001377E9E71F0300201002002008B59220C1
:1012F000FFF732FF08B9002008BD0120FFF756FFB5
:101300000028F8D0054A137992791344503B044AD7
:1013100003EBD3735B105377EEE700BF1F0300208E
:101320001002002008B59320FFF716FF08B900202F
:1013300008BD0120FFF73AFF0028F8D00D490E4BF9
:101340000A79012A02D0022A00D002B99A774A7992
:10135000003A18BF0122DA778A79003A18BF0122D1
:1013600083F82020CA7983F821204A8952BA5A8406
:10137000DEE700BF1F0300201002002008B5942004
:10138000FFF7EAFE08B9002008BD0120FFF70EFFB5
:101390000028F8D00B4A0C4B117983F824105179AE
:1013A00083F825109179003918BF012183F82610A0
:1013B000D179927A003918BF012183F8282083F867
:1013C0002710E1E71F03002010020020F8B5284D88
:1013D00095F82430013B0F2B47D89520FFF7BCFE32
:1013E00008B90120F8BD032395F824400234B4FB6A
:1013F000F3F4E4B22046FFF7D9FEB0B3002633463B
:1014000095F824701B4AF1B28C42EAD99F421ED94A
:1014100092F805E092F806C0581CC0B205EB4301F3
:101420004CEA0E2C8742A1F82AC00FD992F807E0A7
:1014300092F808C0991CC9B205EB40004CEA0E2C8A
:101440008F42A0F82AC005D80B4600E003460136BB
:101450000D32D8E792F809C0907A033305EB4101C9
:1014600040EA0C20DBB24885F1E70020BAE700BF74
:10147000100200201F03002038B5104C94F82530CE
:10148000013B032B01D9002038BD9620FFF764FEF5
:101490000028F8D00120FFF789FE0028F3D00023B0
:1014A000074994F825508934DAB29542ECD911F8FD
:1014B000012F0133283A04F8012FF5E7100200202C
:1014C000230300202DE9F8431E4D95F82430013BFD
:1014D0000F2B02D90020BDE8F8839720FFF73CFED0
:1014E0000028F7D00120FFF761FE0028F2D000238A
:1014F00006221C4695F824E0DFF84CC0002604F1D3
:1015000099071CF8018F2F44A64511D948FA06F116
:1015100001F00109C90748BF013306F1010604F1D2
:10152000010448BFDBB2082EE4B207F8019FEBD1FB
:10153000013A12F0FF02E1D1003B18BF012385F808
:10154000CA30C8E7100200202203002038B59820D6
:10155000FFF702FE08B9002038BD0120FFF726FE84
:101560000028F8D000240025B849B94B0A79C3E90E
:101570003445940740F1248101240025C3E9344512
:10158000140740F12281D3F8D04044F00404C3F89A
:10159000D040940640F12181D3F8D04044F01004AB
:1015A000C3F8D040D40900F02081D3F8D02042F015
:1015B0004002C3F8D0204A79940740F11E81D3F845
:1015C000D04044F48074C3F8D040140740F11D812A
:1015D000D3F8D04044F48064C3F8D040940640F17E
:1015E0001C81D3F8D04044F48054C3F8D040D409CF
:1015F00000F01B81D3F8D02042F48042C3F8D02001
:101600008A79940740F11981D3F8D04044F48034AA
:10161000C3F8D040140740F11D81D3F8D04044F402
:101620008024C3F8D040940640F11C81D3F8D04008
:1016300044F48014C3F8D040D40900F01B81D3F8DF
:10164000D02042F48002C3F8D020CA79940740F138
:101650001981D3F8D04044F08074C3F8D040140707
:1016600040F11881D3F8D02042F08062C3F8D02036
:101670000A7AD40742BFD3F8D04044F08054C3F86C
:10168000D040950742BFD3F8D04044F00054C3F88F
:10169000D040540742BFD3F8D04044F08044C3F850
:1016A000D040150742BFD3F8D04044F00044C3F8FF
:1016B000D040D40642BFD3F8D44044F00104C3F86C
:1016C000D440950642BFD3F8D44044F00204C3F896
:1016D000D440540642BFD3F8D44044F00404C3F8C5
:1016E000D440D2091EBFD3F8D42042F00802C3F878
:1016F000D4204A7AD50742BFD3F8D44044F010042E
:10170000C3F8D440940742BFD3F8D44044F0200437
:10171000C3F8D440550742BFD3F8D44044F0400446
:10172000C3F8D440140742BFD3F8D44044F0800437
:10173000C3F8D440D50642BFD3F8D44044F48074F3
:10174000C3F8D440940642BFD3F8D44044F40074A4
:10175000C3F8D440550642BFD3F8D44044F4806463
:10176000C3F8D440D2091EBFD3F8D42042F400629B
:10177000C3F8D4208B7ADC0741BF3549D1F8D42097
:1017800042F48052C1F8D420990741BF3049D1F8C2
:10179000D42042F40052C1F8D4205A0741BF2C494A
:1017A000D1F8D42042F48042C1F8D4201B0741BFB5
:1017B000274AD2F8D43043F40043C2F8D430CBE601
:1017C000D5077FF5DDAE0224D7E655077FF5E1AEFC
:1017D000D3F8D04044F00804D9E6D5067FF5E2AE50
:1017E000D3F8D04044F02004DAE692093FF4E3AEA7
:1017F000D3F8D02042F08002DBE6D5077FF5E5AED6
:10180000D3F8D04044F40074DDE655077FF5E6AE2A
:10181000D3F8D04044F40064DEE6D5067FF5E7AEA9
:10182000D3F8D04044F40054DFE692093FF4E8AE28
:10183000D3F8D02042F40042E0E6D5077FF5EAAEC7
:10184000D3F8D04044F40034E2E600BF1F03002088
:101850001002002055077FF5E6AED3F8D04044F4DF
:101860000024DEE6D5067FF5E7AED3F8D04044F499
:101870000014DFE692093FF4E8AED3F8D02042F43A
:101880000002E0E6D5077FF5EAAED3F8D04044F099
:101890000074E2E655077FF5EBAED3F8D02042F0B6
:1018A0000062E3E608B55920FFF756FC08B90020AE
:1018B00008BD0120FFF77AFC0028F8D0074A084B42
:1018C000918849BA1980D18849BA99801189528979
:1018D00049BA52BA5980DA80EAE700BF1F030020F4
:1018E0001002002008B55A20FFF736FC08B9002086
:1018F00008BD0120FFF75AFC0028F8D0074A084B22
:10190000918849BA1981D18849BA99811189528936
:1019100049BA52BA5981DA81EAE700BF1F030020B1
:1019200010020020704700000322014B9A77704795
:1019300010020020014B1860704700BF60030020B8
:10194000034B0360034B0B6080231360704700BFA1
:10195000640500206403002070B5642686B00096FC
:10196000044615468DF80F10012301790DF10F0281
:10197000006801F0A9FE58B9009602232179206879
:1019800005AA01F07BFF18B9BDF814305BBA2B80B3
:1019900006B070BD1FB5130A8DF80D306423009397
:1019A0008DF80C108DF80E200179032303AA00682E
:1019B00001F08AFE05B05DF804FB000070B5044636
:1019C000027143610160049811491D46FFF71EFA38
:1019D0002946A0600646FFF765F901460D48FFF766
:1019E00015FAFFF725FB85B20B4930462582FFF734
:1019F00059F92A46E06005212046FFF7CBFF204633
:101A0000BDE8704043F69F120021FFF7C3BF00BF3F
:101A100000FEFF46ACC5273D0000A04137B50D468E
:101A20000DF106020221FFF797FF044660B9BDF8E9
:101A30000600C008FFF7E2F84FF08141FFF732F9E6
:101A40000349FFF7E3F92860204603B030BD00BF2B
:101A500000007A4473B50446028A0E460521FFF75A
:101A600099FF042120460DF10602FFF775FF054698
:101A700038B9BDF90600FFF7C1F8A168FFF712F900
:101A80003060284602B070BD73B50446028A0E4627
:101A90000521FFF77FFF032120460DF10602FFF726
:101AA0005BFF054638B9BDF80600FFF7A7F8E16807
:101AB000FFF7F8F83060284602B070BD80B51A4DC7
:101AC0001A4F1B4E388AFFF799F81A4C1A4B1968AF
:101AD0002378C3B9FFF7A2FA58B10122032128469F
:101AE00001F01AFC01221548114601F015FC0123F2
:101AF000237030464FF4005101F013FC4FF4FA709C
:101B000004F0E9FEDEE7FFF76BFA0028F1D00022CF
:101B10000321284601F000FC00220121074801F0C2
:101B2000FBFB0023E4E700BF000801401002002097
:101B300000100140B805002000000020000C01400A
:101B40000D22002180B5424806F0B9FA4148FFF75E
:101B5000EBFE414C414D23780A2B1BD8DFE803F004
:101B600006353D404346494C4F5D6900FFF760FB39
:101B70003B4F064690B101224FF40041284601F048
:101B8000CBFB0122334B83F8CB2000233B7023781F
:101B900013442370322004F09EFEDCE702464FF42B
:101BA0000041284601F0B8FB3B782670092B02D88B
:101BB00001333B70EEE7274B3E7083F8CB60294B37
:101BC0001B68002BE6D09847E4E7FFF76FFB10B1E6
:101BD00020780130C0B22070DCE7FFF787FBF6E722
:101BE000FFF7A0FBF3E7FFF7C9FBF0E7FFF7EEFB1A
:101BF000EDE7FFF741FCEAE7FFF764FCE7E7FFF7F3
:101C0000A5FC10B120780130C0B2174B20701B78B2
:101C1000002BD4D000232370D1E7134B1B78002B6B
:101C2000CDD1FFF73FFE10B120780130C0B2207057
:101C3000C5E70D4E33780BB9FFF754FE0023237030
:101C4000084B1B6803B1984701233370A2E700BF1C
:101C50005303002010020020E90200200010014080
:101C6000EA02002060030020E802002008B5FFF728
:101C700037FA642004F02FFEF9E7000042F21075F5
:101C800008B50A4C00F078FE01F088F9D4F80C325F
:101C9000C01AA84205D900F041FE01F07FF9C4F84E
:101CA0000C020A2004F017FEECE700BF8C070020AE
:101CB0000268034B9A4201D100F008BE704700BF92
:101CC0000044004008B50A4A0368934203D1BDE8C6
:101CD000084000F03DBE074A934208D14FF48041CE
:101CE000054801F01EFB0022044B83F8CB2008BD01
:101CF0000044004000380140001001401002002064
:101D000008B572B6642004F0E6FDFBE730B595B087
:101D1000142200210CA806F0D2F91422102500216B
:101D20000DEB020006F0CBF92A46002101A806F0CF
:101D3000C6F902244FF480330122CDE91143CDE9E5
:101D40000A234FF4E0130AA80E92139302F022FD27
:101D500008B1FFF7D5FF0F23CDE905344FF48063B9
:101D60000790CDE90830214605A802F0D5FE0028ED
:101D7000EFD1049001A8019502F08AFF0028E8D174
:101D800015B030BD80B5A2B001F0EAF8FFF7BEFF94
:101D9000102200211BA806F092F9964B4FF46041E7
:101DA0009A69954842F010029A619A69002402F0FB
:101DB00010020292029A9A69012642F020029A6168
:101DC0009A69022502F020020392039A9A6942F06E
:101DD00004029A619A6902F004020492049A9A69D0
:101DE00042F008029A619B69002203F00803059300
:101DF000059B01F091FA00220321804801F08CFA42
:101E0000002223217E4801F087FA4FF460437A488C
:101E10001BA9CDE91B36CDE91D4501F0A3F903232C
:101E200076481BA9CDE91B36CDE91D4501F09AF98D
:101E3000232373481BA9CDE91B36CDE91D4501F0CD
:101E400091F94FF401436D481BA9CDE91B341D9452
:101E500001F088F918236A481BA9CDE91B340C2628
:101E60001D9401F07FF94FF4165366486649C0E9A6
:101E70000244C0E90013C0E905640461C46103F0D1
:101E8000E7F908B1FFF73CFF4FF4E1345F4D604BD9
:101E9000C5E90200C5E90406C5E906002846C5E90A
:101EA000003403F0D5F903460028EBD159485A4ACB
:101EB000C0E90233C0E90024C0E90436C0E90633B2
:101EC00003F0C6F90028DDD1544C554A554BC4E9FE
:101ED0000200C4E900234FF48043C4E90600C4E9CA
:101EE00004302062204601F047FB06460028C9D195
:101EF000014610221BA806F0E2F84FF080434A4F3B
:101F0000CDE91466C7E900364FF6FF733846C7E9D6
:101F10000336BE60BE6103F001F80028B2D14FF471
:101F2000805338461BA91B9303F02EF80028A9D133
:101F3000CDE9140014A9384603F0C0F8074600287C
:101F4000A0D13A48FFF7F6FC2846394D00F084F856
:101F500021468022374B38480095FFF72FFD214658
:101F60008222344B35480095FFF728FD2146344C3A
:101F70008822304B3348009506ADFFF71FFD0FCC8C
:101F80000FC594E8070085E80700394606A804F065
:101F90007AFC2D4B04F10C060DAD18600FCE0FC569
:101FA00096E8070085E8070039460DA804F06BFCA9
:101FB000264B04F1280614AD18600FCE0FC596E825
:101FC000070085E80700394614A804F05CFC204BA4
:101FD0001BAD443418600FCC0FC594E8070085E8AA
:101FE000070039461BA804F04EFC1A4B186004F099
:101FF00045FCFEE7001002400010014000080140CF
:10200000000C0140A4060020003801405C060020BE
:10201000004400401406002000480040340700201F
:1020200000540040A0860100EC060020251900089D
:1020300000004040CDCCCC3DEC050020D405002074
:10204000389F0008BC050020100600200C06002068
:10205000080600200406002038B558B30025164BAA
:10206000164C1B782060237184F80A52A4F806529B
:10207000A4F8085200F092FF4FF480722946C4F889
:102080000C02601D06F01BF84FF48072294604F222
:10209000051006F014F8206890F84230202B01D08B
:1020A00003F0AAF9BDE838400549012251F8050CB2
:1020B00003F03DBC012038BD040000208C07002047
:1020C00091070020024601444FF6FF7030B5094DDC
:1020D0008A4200D130BD082412F8013B584040F339
:1020E00000032B4083EA500398B2631E13F0FF04F1
:1020F000F5D1EDE701A0FFFF032938B504460D46F1
:102100000ED9023989B2FFF7DDFF611911F8012CF0
:1021100011F8023C43EA02231B1A5842584138BDC9
:102120000020FCE770B50C460646FFF7CBFF1B4DC1
:1021300033193055000A58702868023403F0D4F976
:10214000A4B2012000F030FF332C224634BF6423B8
:10215000C8233146286803F0AAF8044650B14FF46A
:1021600080410F4801F0DDF8286803F045F90724A5
:10217000204670BD01464FF48072A5F8060285F82E
:102180000A02681D05F09BFF012000F00DFF2946A3
:10219000012251F8050B03F0CAFBE9E78C07002088
:1021A00000100140074B60F07F001A7983F80601A8
:1021B00083F8071103F20510032183F80521FFF7C7
:1021C000B1BF00BF8C0700204E2813B51AD9A0F567
:1021D0008073082B01D9002411E06FF48073184438
:1021E000072800F29C81DFE810F09D01A001A30107
:1021F000D20108000800A601BF0140F201142046E8
:1022000002B010BD4E28E6D801A353F820F000BF5D
:102210004D23000853230008592300085F230008BA
:10222000652300086B23000871230008772300084A
:102230007D230008832300088B23000891230008D6
:10224000972300089F230008A7230008AD23000858
:10225000B5230008BD230008C5230008CD230008CE
:10226000E5230008E5230008E5230008E52300082E
:10227000E5230008E5230008FD230008FD230008EE
:10228000152400081524000815240008152400084A
:102290001524000815240008D5230008DD230008B4
:1022A0002D24000833240008392400083F240008A6
:1022B000452400084B240008512400085724000836
:1022C000D7210008D7210008D7210008D72100080E
:1022D0005D240008612400086524000869240008C2
:1022E0006D24000871240008752400087924000872
:1022F0007D24000881240008852400088924000822
:102300008D24000893240008972400089F240008C7
:10231000A5240008C3240008CD240008D724000801
:10232000DD240008E3240008E9240008EF24000865
:10233000F5240008FB2400080525000809250008ED
:102340000F2500081325000817250008914B1C8A4B
:1023500055E7904B5C8A52E78E4B9C8A4FE78D4B3A
:10236000DC8A4CE78B4B1C8B49E78A4B9C7E46E70B
:10237000884BDC7E43E7874B1C7F40E7854B5C7FC7
:102380003DE7844B93F8CB4039E7824B9C7F36E79F
:10239000804BDC7F33E77F4B93F820402FE77D4B6A
:1023A00093F821402BE77B4B5C8C28E7794B93F823
:1023B000244024E7774B93F8254020E7754B93F8AA
:1023C00026401CE7734B93F8274018E7714B93F8AE
:1023D000284014E76F4B93F8CA4010E76D4BB3F8F1
:1023E000D0400CE76B4B143893F82420C0B28242E3
:1023F0007FF6F1AE03EB40035C8D00E7654B1A38C6
:1024000093F82520C0B282427FF6E5AE034493F8EC
:102410008A40F4E65F4B1C3893F82420C0B2824215
:102420007FF6D9AE034493F89A40E8E6594B1C88EE
:10243000E5E6584B5C88E2E6564B9C88DFE6554B58
:10244000DC88DCE6534B1C89D9E6524B5C89D6E626
:10245000504B9C89D3E64F4BDC89D0E64E4BE6E7E8
:102460004D4BE7E74C4BE8E74B4BE9E74A4BEAE7D4
:10247000494BEBE7484BECE7474B68E7464B69E7CE
:10248000454B6AE7444B6BE7434B6CE7424B5C8B35
:10249000B5E6414BE0E7FEF71BFE0446AFE63F4BD7
:1024A0001C78ACE63E4801A9FFF7B8FA00287FF493
:1024B00092AE3C490198FEF7F5FBFEF7B9FD84B2F8
:1024C0009DE6374801A9FFF7C5FAEFE7344801A9AF
:1024D000FFF7DAFAEAE7344801A9E5E7324801A94B
:1024E000F1E7314801A9F3E7304801A9DCE72F48BB
:1024F00001A9E8E72D4801A9EAE701212C4800F0ED
:1025000005FFCAE70221F9E701212A48F7E7202160
:10251000FBE70221F9E7284B28491868CBE7284B4D
:102520001C796CE6274B5C7869E6264B9C7866E65E
:10253000244BDC7863E6174B93F8CB00164B5B8B90
:102540000BB140F00200204B02211B785B4203F0EC
:10255000040340EA0304174800F0D8FE00283FF4C3
:102560004EAE44F00800AAE70A4B93F8CB00D3E93B
:1025700034231A43084B80F001045B8B18BF44F0EE
:102580000204002B7FF43BAE44F0040097E70224E2
:1025900035E600BF10020020CE0900200402002012
:1025A000EC05002000002041D4050020BC050020DF
:1025B00000080140000C0140000000200000C8425B
:1025C0008C07002004000020B805002008B5034651
:1025D0003F2B08463CD016D8312B33D00CD82B2BB0
:1025E00003D8232B39D8052005E0302BFBD100F090
:1025F000A9FA90BB062008BD3C2B26D03D2BF2D17A
:1026000000F098FAF5E74E2B29D06FF4807213444E
:102610009AB2082AE7D8082BE5D801A252F823F08D
:102620007F2600088B26000895260008E72500086D
:10263000E7250008E7250008E7250008E72500084A
:102640007926000800F08BFAD3E700F06BFAD0E7A8
:10265000081E18BF0120FEF72FFD0020CBE7A1F5D3
:102660009663B3F5487FC5D8FEF7C4FA0C49FEF768
:10267000CDFB0C4B1860F0E70128BBD1EDE7431E02
:10268000042BB7D8084B5870E7E70228B2D8064B9E
:102690009870E2E7431E012BACD8034BD870DCE7FF
:1026A0000000C842000000200400002008292DE995
:1026B000F0413AD18588B0F802806DBAADB26B1E98
:1026C00098FA98F87C2B1FFA88F806D90321084657
:1026D000FFF768FD0620BDE8F081154C0027227940
:1026E0006E0084F80521032284F8076184F806212E
:1026F00008EB070080B2FFF767FD0137030A84F893
:102700000831BBB2AB4284F8090104F10204EFD3F3
:102710000336322DB6B202D9022000F045FC314614
:10272000BDE8F0410348FFF7FDBC0320D3E700BF3D
:102730008C07002091080020082938B505461CD1D7
:102740008188408849BA40BA89B280B2FFF73EFF1B
:10275000044660B1052808D006280CBF03210421D7
:102760000620FFF71FFD204638BD0221F8E7284666
:10277000BDE838400621FFF7D5BC0324F3E700008D
:1027800008292DE9F04104464FD98688478876BA52
:10279000B6B2721E7A2A837902D8B3EB460F07D0FD
:1027A00003211020FFF7FEFC06252846BDE8F08136
:1027B0000933994239D14FF000087FBABFB2E179AD
:1027C000237A07EB080043EA012180B2FFF7FEFEFF
:1027D000054658B1052807D006280CBF032104215F
:1027E0001020FFF7DFFCE0E70221F9E708F101081C
:1027F0001FFA88F39E4204F10204E0D80C48062137
:10280000027980F8087180F80521102280F80621ED
:102810003A0A80F8072180F8095180F80A61BDE87A
:10282000F04100F20510FFF77DBC0325BDE700BFB6
:102830008C070020F8B50126204D032904460F46D9
:102840002E7008D81E484FF4804100F06AFD002326
:1028500003202B70F8BD1B4B02781B799A4202D0E3
:1028600000202870F6E7FFF747FC10B92870022017
:10287000F0E76078062808D0102816D0032805D085
:102880000121FFF78FFC0420E4E702260E4B1B79A1
:102890001E42F5D00628394609D0102820460AD015
:1028A000FFF704FF00232B70D4E70426EEE7204651
:1028B000FFF742FFF6E7FFF763FFF3E78807002023
:1028C000001001408C0700200400002038B5124C95
:1028D000256885421FD100F061FBB4F80632C4F8C8
:1028E0000C02FE2B13D82A68591C526823445A71D3
:1028F0000123A4F80612B4F806122068053184F802
:102900000A3221440122BDE8384003F010B8002308
:10291000A4F80632EFE738BD8C07002038B5002355
:102920000A4C2546A4F8063284F80A3200F036FB39
:10293000C4F80C0255F8050B02F05EFD294620682C
:102940000122BDE8384002F0F2BF00BF8C07002032
:1029500008B5074B1B68834208D14FF480410548F6
:1029600000F0DFFCBDE80840FFF7D8BF08BD00BF9E
:102970008C0700200010014038B51B4C94F80A5217
:10298000B4F80612EDB171B1032902D9601DFFF749
:1029900051FF00214FF480721448A4F8061284F805
:1029A0000A1205F08CFB206890F84230202B1AD1D7
:1029B000B4F80632BBB9BDE8384001220B4902F039
:1029C000B6BF0029EFD000F0E9FAD4F80C32C01AF3
:1029D0003228E8D94FF480722946A4F8065284F8C8
:1029E0000A52601DDDE738BD8C07002091070020EA
:1029F0004FF6FF70002330B5084C094D14F8012B39
:102A00005040082240F30001294081EA5000013A79
:102A100080B2F7D10133062BF0D130BD9C090020E4
:102A200001A0FFFF00220D4B10B51A609A80012211
:102A30009C1E03F8022C062361716370E070FFF79F
:102A4000D7FFA071000AE0716423082221460448E0
:102A500002F02DFCB0FA80F0400910BD9E09002064
:102A60001406002070B52B4C00212A22204605F0C8
:102A700026FB01250022284B9E1E1A609A8003F82F
:102A8000025C0323737013237371FFF7B1FF030A12
:102A9000B071F371082264233146204802F007FC2C
:102AA00008B1002070BD4FF4FA732A2221461B485A
:102AB00002F04BFC0028F4D1A288194B52BA1A80BC
:102AC000E288284652BA5A80228952BA9A8062898C
:102AD00052BADA80A28952BA1A81E28952BA5A816C
:102AE000228A52BA9A81228B52BA5A82628B52BA85
:102AF0009A82A28B52BADA82E28B52BA1A82628C22
:102B000052BADA81E28C52BA1A83228D52BA5A83AF
:102B1000C8E700BFA40900209E0900201406002079
:102B2000CE0900200128014602D81220FFF77ABF03
:102B3000002070470128014602D81120FFF772BF1C
:102B40000020704740F6B832A0F516739BB293424E
:102B5000014602D80120FFF765BF00207047B0F59D
:102B6000FA7F014602D80220FFF75CBF00207047C1
:102B7000114B07B59A690F2142F001029A619A69D7
:102B80006FF0010002F001020092009ADA6942F04F
:102B90008052DA61DB69002203F080530193019BCC
:102BA00000F026FA054A536823F0E06343F000730F
:102BB000536003B05DF804FB0010024000000140C8
:102BC00010B5044686B01022002102A805F077FA5D
:102BD0002268114B9A421CD1104CC022A3691048A4
:102BE00043F00803A361A36902A903F0080300935B
:102BF000009B1223CDE902230323059300F0B2FAD0
:102C0000E36943F40013E361E36903F40013019300
:102C1000019B06B010BD00BF0054004000100240F0
:102C2000000C0140036807B5B3F1804F15D103F5DF
:102C30000433DA69052142F00102DA61DB6900221E
:102C400003F0010301931C20019B00F0D1F91C202B
:102C500003B05DF804EB00F0FBB903B05DF804FBD2
:102C600030B504468BB01022002106A805F027FAE3
:102C700023684B4A934231D14A4B4FF400709A6912
:102C800006A942F480429A619A69002402F48042C3
:102C90000092009A9A6942F004029A619B6903F0DB
:102CA00004030193019B0223CDE9060303233E485D
:102CB000099300F057FA4FF480633B4806A9CDE929
:102CC0000634089400F04EFA25202246052100F033
:102CD0008FF9252000F0BCF90BB030BD334A934288
:102CE0002CD1304B0421DA69032542F40032DA6139
:102CF000DA692D4802F400320292029A9A6900249D
:102D000042F004029A619B69099503F0040303935E
:102D1000039B0223CDE9061306A900F023FA08233A
:102D2000214806A9CDE90634089400F01BFA2620B4
:102D30002246294600F05CF92620CBE71C4A934244
:102D4000CAD1184B1B48DA6906A942F48022DA611D
:102D5000DA69002402F480220492049A9A6942F00B
:102D600008029A619B694FF4806203F0080305939F
:102D7000059B0223CDE906230323099300F0F2F912
:102D80004FF400630B4806A9CDE90634089400F01F
:102D9000E9F927202246052100F02AF9272099E7A2
:102DA000003801400010024000080140004400408B
:102DB00000480040000C0140FEE7FEE7FEE7FEE7AA
:102DC000FEE7704708B500F0DDF804F049F9012886
:102DD00003D0BDE8084004F005BA08BD014800F082
:102DE0000DBF00BF48330020014801F0D0BF00BF35
:102DF000EC060020014802F037BC00BFA40600200A
:102E0000014802F031BC00BF5C060020014802F01E
:102E10002BBC00BF140600200120704708B505F048
:102E2000A1F9162303604FF0FF3008BD08B505F087
:102E300099F916230360FEE770B50D4614460E4659
:102E4000731B9C4201DC204670BDAFF3008006F886
:102E5000010BF5E770B50D4614460E46731B9C42F8
:102E600001DC204670BD16F8010BAFF30080F5E7DA
:102E70004FF0FF3070474FF4005300204B60704715
:102E800001207047002070470B4A0346116810B5B7
:102E900009B90A491160106809490A4C0344091B21
:102EA0008B4206D905F05EF90C2303604FF0FF302A
:102EB00010BD1360FCE700BFEC0900207037002054
:102EC000005000200004000070470000FFF7FCFFE6
:102ED0000B480C490C4A002302E0D458C450043378
:102EE000C4188C42F9D3094A094C002301E013604D
:102EF0000432A242FBD305F03BF9FEF743FF7047D3
:102F000000000020E401002084A30008E801002064
:102F10006C370020FEE7000038B50E4B05461A78E6
:102F20004FF47A73B3FBF2F30B4A1068B0FBF3F083
:102F300000F09CF8044658B90F2D09D802462946DE
:102F40004FF0FF3000F054F82046044B1D6038BDB0
:102F50000120FCE7100000200C00002014000020DD
:102F6000074A08B51368032043F01003136000F00C
:102F70002DF80F20FFF7D0FFFFF7FAFD002008BD66
:102F800000200240034A044B11681B780B44136075
:102F9000704700BFF009002010000020014B1868A6
:102FA000704700BFF009002038B50446FFF7F6FF70
:102FB0000546631C1EBF044B1B78E418FFF7EEFFA9
:102FC000431BA342FAD338BD100000200749030277
:102FD000CA6803F4E06322F4E0621204120C1343A3
:102FE00043F0BF6343F40033CB60704700ED00E073
:102FF000154B30B5DC68C4F30224C4F10703251D6A
:10300000042B28BF0423062D4FF0FF3594BF002466
:10301000033C05FA03F321EA0303A54022EA050273
:10302000A340002843EA0203ACBF00F16040074A16
:103030004FEA0313DBB2ABBF00F5614000F00F00B5
:1030400080F80033135430BD00ED00E014ED00E0D3
:10305000002807DB01234109034A00F01F008340D9
:1030600042F82130704700BF00E100E00138B0F1C4
:10307000807F0BD24FF0E023F021054A586182F89F
:1030800023100020072298611A61704701207047C1
:1030900000ED00E090F821200346022A06D0042229
:1030A00082630120002283F8202070470268C06BF1
:1030B000116821F00E011160116821F00101116009
:1030C00001211A6C01FA02F24260002083F82110FB
:1030D000E8E7000008B590F82130022B03D0042364
:1030E0008363012008BD03681A6822F00E021A608B
:1030F0001A6822F001021A60174A93421FD0143254
:1031000093421ED0143293421DD0143293421DD0EC
:10311000143293421DD01432934214BF4FF0807387
:103120004FF480130D4A5360012380F821300023AF
:1031300080F82030436B03B198470020D2E7012389
:10314000F0E71023EEE74FF48073EBE74FF4805382
:10315000E8E74FF48033E5E7080002400000024052
:10316000806B70472DE9F74F00244FF00F0E264675
:10317000DFF884C1614B00F104080A6832FA06F5F1
:1031800002D103B0BDE8F08F012505FA06F702EA87
:10319000070537EA020276D14A68032A07D8013ABE
:1031A000022A00F28380DFE802F091969C00122A46
:1031B00000F0948069D8112A00F08A80FF2D94BF16
:1031C0008146C1464FEA8602D9F8007088BF203A8E
:1031D0000EFA02FA27EA0A0704FA02F21743C9F8BC
:1031E0000070D1F8049019F0805F4CD0DCF8182002
:1031F00026F0030742F00102CCF81820DCF8182072
:1032000007F1804702F00102019207F5803706F0CE
:10321000030A019A4FEA8A0ABA680EFA0AFB22EAFE
:103220000B0B374A904260D002F5806290425ED02C
:1032300002F5806290425CD002F58062904214BF39
:103240000422032202FA0AF242EA0B02BA609A68E6
:1032500019F4801F14BF2A43AA439A60DA6819F44C
:10326000001F14BF2A43AA43DA605A6819F4003FCA
:1032700014BF2A43AA435A601A6819F4803F14BF46
:103280002A43AA431A60013677E7DFF878904A4567
:103290000CD014D8A9F580194A4507D009F5702932
:1032A0004A4503D0A9F580194A4587D18A68D2B129
:1032B000012A4FF008040CBF076147617EE7DFF881
:1032C00048904A45F2D009F58039EDE7CC6875E7BA
:1032D000CC68043472E7CC6808346FE7CC680C34EF
:1032E0006CE700246AE7042468E70022AAE70122C9
:1032F000A8E70222A6E700BF001002400004014038
:1033000000080140000022100000311083681942BB
:1033100014BF0120002070470AB101617047090401
:10332000FBE7C36801EA030221EA030141EA024123
:1033300001617047016800224B6913F4806310D06B
:103340006FF480634B612023026380F83D3080F886
:103350003E20036C80F83C2043F00403036401200A
:103360007047184670472DE9F84606460F469146C5
:103370001D464FEA114A3368BAF1010F0CBF5C6970
:103380009C6927EA0404A4B2B4FA84F46409A14550
:1033900001D0002025E06A1CEED0FFF7FFFD089B5E
:1033A000C01AA84201D8002DE5D13368BAF1010F47
:1033B0000CBF5B699B6927EA03039BB2B3FA83F3F3
:1033C0005B099945D7D1002320220120336386F879
:1033D0003D2086F83E30326C86F83C3042F02002C8
:1033E0003264BDE8F8862DE9F04104460F461646E2
:1033F00098462568686927EA000080B2C0B16B6909
:103400005A0517D52B68202243F400732B606FF404
:1034100080636B610023236384F83D2084F83E3091
:10342000236C43F0040323640023012084F83C3020
:10343000BDE8F081731CDDD0FFF7B0FDA0EB080004
:10344000B04201D8002ED4D123685A6927EA02027B
:1034500092B2002ACDD000232022236384F83D209D
:1034600084F83E30236C1343DDE770B504460D4607
:10347000164623685B691B0601D500201EE0204626
:10348000FFF758FFC8B96A1CF3D0FFF787FD801B10
:10349000A84201D8002DECD123685B6913F08003AA
:1034A000E7D12022236384F83D2084F83E30226C4B
:1034B00084F83C3042F020022264012070BD70B5D7
:1034C00004460D46164623685B695B0701D500205C
:1034D0001EE02046FFF72EFFC8B96A1CF3D0FFF7A5
:1034E0005DFD801BA84201D8002DECD123685B69EB
:1034F00013F00403E7D12022236384F83D2084F8ED
:103500003E30226C84F83C3042F0200222640120DC
:1035100070BD70B504460D46164621684B6913F020
:10352000400301D0002011E04A69D2060FD56FF0A8
:1035300010024A612022236384F83D2084F83E3043
:10354000236C23640023012084F83C3070BDFFF716
:1035500025FD801BA84201D8002DDED123685B69C0
:1035600013F04003D9D12022236384F83D2084F84E
:103570003E30236C1343E4E770B5044608B90120DC
:1035800070BD90F83D3003F0FF021BB980F83C207D
:10359000FFF716FB242384F83D3023681A6822F0D5
:1035A00001021A601A6842F400421A601A6822F492
:1035B00000421A6001F04CFB3F4B65689D4294BF8E
:1035C0003E4B3F4B98428CBF00230123002BD6D1AA
:1035D000394E3C4BB542B0FBF3F388BF4FF49676BF
:1035E0002268516821F03F0141EA030182BF734321
:1035F0004FF47A76B3FBF6F35160116A013321F090
:103600003F010B431362D169431E2B4821F44F4104
:10361000854221F0FF0132D86D00B3FBF5F340F68F
:10362000FC700133034242D0C3F30B031943D16151
:103630001168D4E9073021F0C00103430B43136044
:103640009168D4E9030321F40341034321F0FF010E
:103650000B439360D168D4E9053021F0FF010343A7
:103660000B43D3601368002043F001031360202351
:10367000206484F83D30206384F83E0080E7A06831
:1036800050B905EB4505B3FBF5F30133C3F30B0369
:103690007BB143F40043C9E719206843B3FBF0F35F
:1036A0000133C3F30B0323B143F44043BEE70423C8
:1036B000BCE70123BAE700BFA08601007F841E009B
:1036C000FF083D0040420F002DE9F043044685B05D
:1036D00098460D4691460C9FFFF760FC94F83D30EC
:1036E0000646202B04D00225284605B0BDE8F0830D
:1036F00000901923012220465C49FFF734FE002880
:10370000F1D194F83C30012BEDD00123216884F8ED
:103710003C300B68DA075EBF0B6843F001030B60B7
:103720000B6823F400630B60212384F83D301023E1
:1037300084F83E3000232364A4F82A80638DC4F803
:10374000249023854A4BE362E36A082B04D0012BC3
:1037500002D013F5803F04D10B6843F480730B60F3
:1037600002E0236B122BF7D000223B464FF00111F1
:1037700020460096FFF7F7FD226840B11368DB058D
:1037800001D40125B0E74FF400732364F9E72369FE
:10379000B3F5804F21D105F0FE05156133463A4659
:1037A00020463449FFF71FFE05460028E9D123686B
:1037B00003905A6903929B690393039B238DF3B98A
:1037C00021680A6842F400720A60202284F83C30C2
:1037D00084F83D2084F83E3086E7EB1103F00603C1
:1037E00043F0F0031361204633463A462249FFF77F
:1037F000FAFD0028C5D12368EDB21D61CEE732463F
:1038000039462046FFF731FE40B1236C042BB8D176
:103810002268136843F400731360B2E7636A206898
:103820001A4612F8011B01616262628D013A92B27E
:103830006285228DD0F814C0511E89B21CF0040F8D
:1038400021850AD049B15978023301616362638DE1
:10385000023A013B9BB263852285324639462046B7
:10386000FFF72DFE0028A9D0CFE700BF020010000F
:103870000000FFFF02000100080001002DE9F043F5
:1038800098460023044689B002930E469146109F45
:10389000FFF784FB94F83D300546202B04D0022628
:1038A000304609B0BDE8F08300901923012220467C
:1038B0008F49FFF758FD0028F1D194F83C30012BD7
:1038C000EDD00123216884F83C300B68DB075EBF34
:1038D0000B6843F001030B600B6823F400630B607B
:1038E000222384F83D30102384F83E3000232364E3
:1038F000A4F82A80638DC4F8249023857D4BE3626D
:10390000E36A0A68082B42F480620A6004D0012B43
:1039100002D013F5803F04D10B6843F480730B6031
:1039200002E0236B112BF7D03B4600224FF0011130
:1039300020460095FFF717FD236838B11B68D805AE
:1039400044BF4FF4007323640126A9E72269B2F54E
:10395000804F29D146F00106F6B21E612B463A4649
:1039600020466549FFF73FFD06460028ECD1228D31
:103970002368002A4DD103905A6903929A690392F1
:10398000039A1A6842F400721A60DFF87081DFF857
:103990007091238D002B6CD1202284F83C3084F868
:1039A0003D2084F83E307BE74FEAE61808F0060831
:1039B00048F0F0021A6120462B463A465149FFF77B
:1039C00012FD0028C0D12368F6B23A461E61204697
:1039D0002B464949FFF707FD02460028B4D123686A
:1039E00007905969204607919969079107991968C5
:1039F00041F4807119603B464FF001110095FFF7CB
:103A0000B2FC226808B1136899E748F0F10313612A
:103A1000A4E7012A11D11A6822F480621A6072B6F2
:103A2000236804905A6904929A690492049A1A6865
:103A300042F400721A6062B6A7E7022A1A680ED131
:103A400042F400621A6072B6236805905A690592C2
:103A50009A690592059A1A6822F48062EAE742F4AC
:103A600080621A6006905A6906929B690693069BCB
:103A70008BE7032B00F28880012B16D12A463946AA
:103A80002046FFF746FD00287FF45EAF23681A69E1
:103A9000636A1A70636A01336362238D013B238575
:103AA000638D013B9BB2638573E7022B4FF00002ED
:103AB0003B4641462046009526D1FFF754FC00289E
:103AC0007FF442AF72B623681A6842F400721A603B
:103AD0001A69636A1A70636A01336362238D013B5A
:103AE0002385638D013B9BB2638562B6CEE700BF41
:103AF000020010000000FFFF0200010004000100AE
:103B00000C00002008000100FFF72DFC00287FF4C6
:103B10001BAF2268136823F48063136072B646F209
:103B2000A81123681A69636A1A70626A531C636277
:103B3000238D013B2385638D013B9BB26385D9F8BF
:103B40000030B3FBF1F323214B430293029B013B73
:103B50000293029B6BB92022236384F83D2084F8F2
:103B60003E30226C42F02002226462B684F83C307F
:103B7000EAE6236859694907E8D5196841F40071F4
:103B800019601B695370A6E72A4639462046FFF79D
:103B9000C0FC00287FF4D8AE23681A69636A1A70E3
:103BA000628D616A013A92B24B1C6285226863623F
:103BB000238D5069013B9BB2400723857FF5E9AE19
:103BC000032B02BF136823F48063136013694B70E7
:103BD00060E700BF10B590F890220446012A0AD091
:103BE0000122417380F89022006802F07AF80020E8
:103BF00084F8900210BD0220FCE700002DE9F04F90
:103C0000044685B0006802F072F810F4004500F038
:103C10004F842825C64E2068B0F844301F0402D4D3
:103C200005B0BDE8F08FB0F8443013F00F0799B23B
:103C300040F0C08011F0100126D103889BB23340C0
:103C400043F400430380B0F85030227C9BB203EB76
:103C5000C20300EB4303B3F80434626AC3F30903FD
:103C60001A44E3622046626203F04DFC637B002B42
:103C7000D1D0A26A2168002ACDD1637B43F08003B2
:103C8000A1F84C306273C6E70788BBB217F400672F
:103C900021D0B0F8503094F850219BB203EBC2030E
:103CA00000EB4303B3F80C34B4F85621C3F3090313
:103CB000C4F86C3104F5267102F064FA22682046DB
:103CC000138823F070031B051B0D43F08003138042
:103CD00003F00AFC9FE719049DD5038823F07003C5
:103CE0001B051B0D43F080030380B0F8503094F89F
:103CF00050219BB203EBC20300EB4303B3F80C3437
:103D0000C3F30903C4F86C318BB1D4F8641171B1F9
:103D1000B4F8562102F036FAD4F86431D4F86C21A4
:103D2000394613442046C4F8643103F0E3FB2168AC
:103D30000A8893B212053FF56EAF03F44053B3F512
:103D4000405F3FF468AFB1F8502001F20C4092B2EE
:103D5000835AC3F309038352D4F860313E2B1DD933
:103D60005F09DB06835A08BF07F1FF379BB243EABE
:103D700087236FEA43436FEA53439BB283520B8816
:103D800023F4804323F070031B041B0C83F4405383
:103D900043F4004343F080030B803CE70BB9835AA4
:103DA000E7E75F08DB07835A48BF01379BB243EA66
:103DB0008723E2E730F8273019041FFA83F840F12F
:103DC000F68030F8273005FB074123F070031B0510
:103DD0001B0D43F0800320F8273091F85C3100F58B
:103DE000806EBBB9B0F8503091F850219BB20633C9
:103DF00003EBC2033EF81390C9F30909B9F1000FB0
:103E000000F0BA804B46B1F85621D1F8641102F0A7
:103E1000B9F9B1E091F8533191F85021022B40F0FB
:103E20008980B0F850904FEAC20B1FFA89F918F454
:103E3000804AD1F86831D94408F0400C3CD009F1EF
:103E400002093EF81990C9F30909994513D90023CD
:103E5000C1F8683130F8223023F4804323F0700336
:103E60001B041B0C83F4005343F4004343F0800312
:103E700020F8223005E0A3EB0903C1F86831002BDC
:103E8000E8D0BCF1000F0DD030F8223023F4E0432D
:103E900023F070031B041B0C43F4004343F0C003E6
:103EA00020F82230B9F1000F66D0282101FB07412C
:103EB0004B46B1F85821A8E709F106093EF81990D8
:103EC000C9F30909994512D9C1F868A130F822301F
:103ED00023F4804323F070031B041B0C83F4005372
:103EE00043F4004343F0800320F8223005E0A3EBC5
:103EF0000903C1F86831002BE8D0BCF1000F0DD1E7
:103F000030F8223023F4E04323F070031B041B0C31
:103F100043F4004343F0C00320F82230B9F1000F0E
:103F20002AD0282101FB07414B46B1F85A216CE702
:103F30000F8FFFFF30F8223023F4E04323F07003AB
:103F40001B041B0C43F4004343F0C00320F8223051
:103F500091F8503130F82320DB0012F4804FB0F894
:103F6000502092B254D0023213443EF81390C9F359
:103F70000909B9F1000F9BD105FB07F16318D3F8CC
:103F80006C214A44C3F86C21D3F864214A44C3F835
:103F90006421D3F868211AB1D3F86031994541D230
:103FA00005FB0743204693F8501103F0A3FA18F0DD
:103FB000800F20683FF42FAE30F8273005FB07FC58
:103FC0009BB2334043F4004320F8273004EB0C034A
:103FD000DA7C012A56D1002107FB0552A1501A7F35
:103FE00092B318F040085A7C36D012BBB0F850207B
:103FF0001B7C92B21B0100F2044010441A5AC2F317
:1040000009021A521A5A92B242F400421A521BE0A2
:10401000063213443EF81390C9F30909B9F1000FB1
:10402000AAD081E701F5A8712068214401F075FE4E
:10403000BDE7012A08D1B0F850201B7C92B200F2F3
:1040400004401B0110441952282303FB0743197C29
:10405000204603F058FADEE53AB9B0F850201B7C50
:1040600092B21B0100F20C40C7E7012AECD1B0F874
:1040700050201B7C92B200F20C401B01104423F82C
:104080000080E1E7197C18F4807E9A6A4FEAC10A41
:1040900000F580691BD1B0F85070BFB257440237A9
:1040A00039F81770C7F30907974202D3C3F828E01D
:1040B000CEE7D21B9A625A6A0CF110013A445A6256
:1040C000DA6A21443A44DA6201F027FEA3E5B0F847
:1040D00050C018F0400E1FFA8CFCD44408F48048FD
:1040E00000F0F4800CF1020C39F81CC01FFA88F8BB
:1040F000CCF3090C94452CBF0022A2EB0C029A626F
:10410000002A5BD1282303FB07435B7C002B41D1B2
:10411000B0F8502000F2044C92B20B0194443CF8E9
:104120000320C2F309022CF803203CF803206FEAB5
:1041300042426FEA524292B22CF80320B0F850206B
:1041400000F20C4092B21044C25AC2F30902C252A9
:10415000C25A6FEA42426FEA524292B2C2522046BB
:1041600003F0D1F9B8F1000F00F0F480282303FB2D
:1041700007432268197C32F8213023F4E04323F00E
:1041800070031B041B0C43F4404343F0800322F8EC
:104190002130DFE0012BE2D1B0F850E000F2044C16
:1041A0001FFA8EFEF4440B012CF80320B0F850C027
:1041B00000F20C401FFA8CFC6044CFE7B8F1000F0E
:1041C0000DD030F8212022F4E04222F070021204D7
:1041D000120C42F4404242F0800220F821204FF0BD
:1041E000280808FB074898F83420012A40F0B280DC
:1041F000D8F8242002EB0C0EC8F824E0DA6A6244F6
:10420000DA62D8F83030D8F82020934235D39B1AA0
:10421000C8F83030282303FB074393F811C093B24A
:10422000BCF1000F45D1B0F8508000F2044C1FFAE9
:1042300088F8C44409013CF801803E2AC8F3090803
:104240002CF8018025D94FEA5218D2063CF80120FB
:1042500008BF08F1FF3892B242EA88226FEA424270
:104260006FEA524292B22CF80120282202FB074248
:10427000128B714601F041FD6CE01BB9624688F873
:104280003430C7E7002288F83420C8F830201A46B6
:10429000C0E712B93CF80120E0E74FEA5208D20724
:1042A0003CF8012048BF08F1010892B242EA882296
:1042B000D8E7BCF1010FD8D1B0F850C000F20442E9
:1042C0001FFA8CFC624409015352CEE70CF1060C34
:1042D00039F81CC01FFA88F8CCF3090C94458CBF40
:1042E0007246A2EB0C029A62002A5DD1282303FBDE
:1042F00007435B7C002B43D1B0F8502000F2044C04
:1043000092B20B0194443CF80320C2F309022CF84A
:1043100003203CF803206FEA42426FEA524292B215
:104320002CF80320B0F8502000F20C4092B2104458
:10433000C25AC2F30902C252C25A6FEA42426FEA3B
:10434000524292B2C252204603F0DDF8B8F1000F9B
:104350003FF40CAF282303FB07432268197C32F893
:10436000213023F4E04323F040031B041B0C83F0B3
:10437000300343F4004343F0800322F821304AE441
:10438000012BE0D1B0F850E000F2044C1FFA8EFE91
:10439000F4440B012CF80320B0F850C000F20C409C
:1043A0001FFA8CFC6044CDE7B8F1000F0DD130F856
:1043B000212022F4E04222F070021204120C42F496
:1043C000404242F0800220F821204FF0280808FBEC
:1043D000074898F83420012ABCD1D8F8242002EBF1
:1043E0000C0EC8F824E0DA6A6244DA62D8F8303099
:1043F000D8F82020934232D39B1AC8F830302823B3
:1044000003FB074393F811C093B2BCF1000F42D1F4
:10441000B0F8508000F20C4C1FFA88F8C44409012F
:104420003CF801803E2AC8F309082CF8018022D903
:104430004FEA5218D2063CF8012008BF08F1FF38B5
:1044400092B242EA88226FEA42426FEA524292B244
:104450002CF80120282202FB0742528B09E71BB9E6
:10446000624688F83430CAE70022C8F8302088F85D
:1044700034201A46C3E712B93CF80120E3E74FEABB
:104480005208D2073CF8012048BF08F1010892B257
:1044900042EA8822DBE7BCF1010FDBD1B0F8502003
:1044A00000F20C4C92B294440A012CF80230D1E78D
:1044B000460512D522682046B2F8443023F48063C2
:1044C0001B041B0CA2F8443003F029F829462046AF
:1044D00005B0BDE8F04FFFF77DBB41040AD5226867
:1044E000B2F8443023F480431B041B0CA2F8443080
:1044F000FFF796BB820405D52268B2F8443023F456
:104500000053F1E7C30419D522682046B2F84030C1
:1045100023F004031B041B0CA2F84030B2F8403017
:1045200023F008031B041B0CA2F8403003F01AF818
:104530002268B2F8443023F48053D5E7070548D504
:1045400068462368064619461A4603F1200532F8E4
:10455000047B954226F8027BF9D1B3F8402092B251
:1045600042F00102A3F84020B3F8402022F00102FB
:104570001204120CA3F84020B3F844205605FBD5D2
:10458000B3F8442022F480621204120CA3F84420F1
:1045900030F8022B21F8042B8D42F9D1B3F84020DA
:1045A000204692B242F00802A3F84020B3F844201B
:1045B00022F400621204120CA3F84420B3F8402045
:1045C00092B242F00402A3F8402002F0BBFFFFF7D2
:1045D00027BB82050DD522682046B2F8443023F46B
:1045E00000731B041B0CA2F8443002F094FFFFF789
:1045F00017BBC3057FF514AB2268B2F8443023F42F
:10460000807371E770B52824054601F00700444324
:1046100011F0800F14BF04F1100104F5A87105EB2F
:10462000040615BF01240024747486F8514114BF98
:1046300049194919022BCB7008BF0023087008BF25
:104640000B710A6195F89032012B09D0012328687B
:1046500085F8903201F07CF9002085F8900270BD59
:104660000220FCE770B52824002601F007014C4326
:10467000051985F8501104F5A8710144C5E95923BD
:10468000C5F86C6185F85161006801F046FB304661
:1046900070BD70B5282501F007014D43441900266F
:1046A000C4E909230122217405F11001014484F8B1
:1046B00034202363E6626274006801F02EFB30460A
:1046C00070BD38B5037901F00705AB4204462AD323
:1046D00011F0800F4FF028031CD001226B4303F12F
:1046E0001001034401445A7401230D708B7094F837
:1046F00090229A4219D0206884F8903201F088FA0A
:1047000025B9206804F5267101F0F5FA002084F837
:10471000900238BD00224B4303F5A87103440144C5
:1047200083F85121E0E70120F3E70220F1E738B5F3
:10473000027901F00F039A42044626D3282301F0A0
:104740000702534311F0800F14BF03F1100103F56A
:10475000A87118444FF0000515BF01230023091963
:10476000091914BF437480F851318D700A7094F8A0
:104770009032012B0BD00123206884F8903201F095
:1047800067FA284684F8905238BD0120FCE70220E1
:10479000FAE700002DE9F341054638B30368DB076B
:1047A00010D42B689F075ED42B68190700F1958001
:1047B0002B685A0700F1C180EB69002B40F02C8177
:1047C000002029E0904C636803F00C03042B07D011
:1047D000636803F00C03082B0AD16368DE0307D576
:1047E00023689C03DDD56B68002BDAD1012013E030
:1047F0006B68B3F5803F12D1236843F480332360A4
:10480000FEF7CCFB064623689803CAD4FEF7C6FB26
:10481000801B6428F7D9032002B0BDE8F0819BB962
:10482000236823F480332360236823F480232360E8
:10483000FEF7B4FB064623689903B2D5FEF7AEFB3C
:10484000801B6428F7D9E6E7B3F5A02F236803D1CE
:1048500043F480232360CFE723F48033236023686D
:1048600023F48023CBE7684C636813F00C0F07D068
:10487000636803F00C03082B10D16368DA030DD4CE
:1048800023689B0702D52B69012BAFD123686A6986
:1048900023F0F80343EAC203236085E72A695B4BF0
:1048A0006AB101221A60FEF779FB064623689F076A
:1048B000ECD4FEF773FB801B0228F7D9ABE71A6034
:1048C000FEF76CFB0646236898077FF56DAFFEF791
:1048D00065FB801B0228F6D99DE7AA694A4E4B4B1F
:1048E000E2B10122C3F88024FEF758FB0446736A44
:1048F0009B070DD54FF4FA52454B1B68B3FBF2F3FF
:10490000019300BF019B5A1E0192002BF9D14FE782
:10491000FEF744FB001B0228E9D97CE7C3F880249A
:10492000FEF73CFB0446736A9F077FF541AFFEF735
:1049300035FB001B0228F6D96DE7334CE369D8003C
:1049400024D40127E36943F08053E361E36903F072
:1049500080530093009B2F4E3368D90518D5EB6820
:10496000012B26D1236A43F001032362FEF716FBD5
:1049700041F288380646236A9B073FD5002F3FF453
:104980001BAFE36923F08053E36115E70027E2E7FB
:10499000336843F480733360FEF700FB804633686E
:1049A000DA05DCD4FEF7FAFAA0EB08006428F6D9A1
:1049B00031E7ABB9236A41F2883823F0010323625F
:1049C000236A23F004032362FEF7E8FA0646236A0B
:1049D0009807D3D5FEF7E2FA801B4045F7D91AE7CE
:1049E000052B236A03D143F004032362BAE723F0C3
:1049F00001032362236A23F00403B6E7FEF7CEFA2D
:104A0000801B4045B7D906E7001002400000424233
:104A10000C000020007000402A4C626802F00C027A
:104A2000082A3ED00022022B274B1A662CD1FEF713
:104A3000B5FA06462368990120D42B6AB3F5803F66
:104A400005D16268A96822F400320A436260696A8B
:104A500062680B4322F474121343012263601A4B01
:104A60001A66FEF79BFA054623689A013FF5A8AE41
:104A7000FEF794FA401B0228F6D9CCE6FEF78EFA30
:104A8000801B0228D6D9C6E6FEF788FA05462368B9
:104A90009B017FF595AEFEF781FA401B0228F6D9FF
:104AA000B9E6012B3FF4A2AE60682B6A00F48032B5
:104AB0009A427FF49BAE6B6A00F47010C01A18BF64
:104AC0000120A9E600100240000042420D4A53684E
:104AD00003F00C01082912D10B48C3F38341DB0317
:104AE000405C09D55368094AC3F340435043084A20
:104AF000D35CB0FBF3F07047064B58437047034854
:104B0000704700BF0010024061A1000800127A0047
:104B10005FA1000800093D002DE9F0410D46044663
:104B200010B90120BDE8F081444A136803F007037F
:104B30008B4228D321688E0730D4CA0743D43F4A1A
:104B4000136803F00703AB4265D822683C4D12F0AE
:104B5000040F6CD1130706D56B68226923F46053E8
:104B600043EAC2036B60FFF7B1FF6B68354AC3F3DA
:104B70000313D35CD840344B1860344B1868FEF7ED
:104B8000CBF90020CEE7136823F007030B43136033
:104B9000136803F007038B42C3D1CBE7284B11F016
:104BA000040F1EBF5A6842F4E0625A60080742BF11
:104BB0005A6842F460525A605A68A06822F0F002C3
:104BC00002435A60B9E762681D4E012A33681AD160
:104BD00013F4003FA5D0736841F2883823F0030333
:104BE00013437360FEF7DAF907467368626803F0EF
:104BF0000C03B3EB820FA2D0FEF7D0F9C01B4045E7
:104C0000F3D903208EE7022A02D113F0007FE1E7F7
:104C100013F0020FDEE7136823F007032B43136042
:104C2000136803F00703AB427FF47BAF8DE76B683B
:104C3000E16823F4E0630B436B608BE700200240E4
:104C4000001002404FA100080C00002014000020BA
:104C5000044B054A5B68C3F30223D35C034A106824
:104C6000D84070470010024047A100080C00002007
:104C7000044B054A5B68C3F3C223D35C034A106844
:104C8000D84070470010024047A100080C000020E7
:104C900003682DE9F3410546D80721D5364CE36971
:104CA000D9002BD40126E36943F08053E361E36923
:104CB00003F080530193019B304F3B68DA051FD509
:104CC000236A6A6813F440732ED1236A6A6823F456
:104CD0004073134323621EB1E36923F08053E36101
:104CE0002A68910706D52449A8684B6823F44043F5
:104CF00003434B60D30636D4002012E00026DBE7E6
:104D00003B6843F480733B60FEF748F980463B689C
:104D1000DB05D5D4FEF742F9A0EB08006428F6D9EC
:104D2000032002B0BDE8F08102F440729A42CCD078
:104D30000120134A236AC2F84004002023F4407182
:104D4000DF07C2F840042162BFD5FEF727F941F220
:104D500088380746236A9807B7D4FEF71FF9C01BA7
:104D60004045F7D9DCE7044AE968536823F4800337
:104D70000B435360C0E700BF0010024000700040CA
:104D800000004242704770477047704770470368A1
:104D900070B5DD681E690446B1070DD5AA070BD5AD
:104DA0006FF002021A61012202779B699B0769D0AA
:104DB000FFF7EAFF00232377710710D56A070ED5A6
:104DC0006FF00402236820461A61022222779B6951
:104DD00013F4407F5CD0FFF7D7FF0023237733071E
:104DE0000FD528070DD56FF00802236820461A61F9
:104DF00004222277DB69990750D0FFF7C5FF002313
:104E00002377F20610D5EB060ED56FF0100223685B
:104E100020461A6108222277DB6913F4407F43D0D1
:104E2000FFF7B2FF00232377F00708D5E90706D57F
:104E30006FF00102236820461A61FFF7A3FF3206D4
:104E400008D52B0606D56FF08002236820461A612C
:104E500000F063F9700608D5690606D56FF04002C8
:104E6000236820461A61FFF791FFB20622D5AB06F0
:104E700020D56FF0200223682046BDE870401A61FB
:104E800000F04AB9FFF77FFF2046FFF77EFF91E76A
:104E9000FFF779FF2046FFF778FF9EE7FFF773FFE4
:104EA0002046FFF772FFAAE7FFF76DFF2046FFF7E6
:104EB0006CFFB7E770BD0000174A036890420AD044
:104EC000B0F1804F07D0A2F59432904203D002F5A2
:104ED0008062904207D14A6823F070031343CA6886
:104EE00023F4407313434A6923F0800313430360A0
:104EF0008B68C3620B688362074B984204BF0B69DF
:104F00000363012343610369DB0742BF036923F0A5
:104F100001030361704700BF002C014010B5044637
:104F200030B390F83D3003F0FF021BB980F83C200D
:104F3000FDF778FE0223206884F83D30211DFFF73D
:104F4000BBFF0123002084F8463084F83E3084F80B
:104F50003F3084F8403084F8413084F8423084F89F
:104F6000433084F8443084F8453084F83D3010BD37
:104F70000120FCE710B584680A4324F47F4442EA28
:104F800003222243826010BD38B590F83C300446BD
:104F9000012B4FF0020000F08E80012284F83D00CA
:104FA000206884F83C20836823F47F4323F0770350
:104FB00083600B68602B4FD032D8402B64D016D85A
:104FC000202B0DD00AD833F0100109D0012384F82A
:104FD0003D30002384F83C30104638BD302BF5D1ED
:104FE000826822F07002134343F0070328E0502B3D
:104FF000ECD14A68CD68016A036A21F00A0123F006
:105000000103036283690A4323F0F00343EA0513B3
:1050100083610262836823F0700343F057030FE05B
:10502000B3F5805F0DD0B3F5005F0CD0702BCDD100
:10503000CB68D1E90121FFF79DFF836843F0770337
:1050400083600022C2E7CB68D1E90121FFF792FF1C
:10505000836843F48043F3E7036A026A4D6822F0F1
:105060001002C9680262826923F0A00322F4704230
:1050700043EA051342EA013282610362836823F046
:10508000700343F06703DBE74A68CD68016A036A8F
:1050900021F00A0123F00103036283690A4323F02C
:1050A000F00343EA051383610262836823F070030F
:1050B00043F04703C4E702468EE7000030B590F89E
:1050C0003C300246012B4FF0020022D0136882F8D8
:1050D0003D005C680D6824F070042C4398685C60A7
:1050E0000C4CA3420AD0B3F1804F07D0A4F59434FE
:1050F000A34203D004F58064A34204D1496820F0A0
:105100008000014399600123002082F83D3082F83D
:105110003C0030BD002C014070477047026802F12E
:105120000C0353E8003F23F490730C3242E8003143
:1051300002680029F2D102F1140353E8003F23F082
:10514000010302F1140C4CE800310029F3D1036B88
:10515000012B0BD102F10C0353E8003F23F01003A5
:1051600002F10C0C4CE800310029F3D1202380F827
:10517000423000230363704710B504460368C168DA
:105180001A6922F440520A431A6182680069D96898
:105190000243606921F4B05121F00C0102430A433B
:1051A000DA605A69A16922F440720A435A610E4AD0
:1051B000934215D1FFF75CFD1923434362682068D1
:1051C0009200B3FBF2F36422B3FBF2F102FB113362
:1051D0001B013233B3FBF2F303EB0113836010BD09
:1051E000FFF736FDE8E700BF00380140F7B5054698
:1051F0000C4617461E462A68136834EA030301D199
:10520000002021E0701CF7D0FDF7C8FEC01B8642CD
:105210001CD3DEB12B68DA685107ECD5802CEAD0BC
:10522000402CE8D01A681207E5D5002401941A68CA
:10523000284601925B680193019BFFF76FFF0823EB
:1052400001206B6485F8404003B0F0BD0320FBE70C
:1052500010B5044648B390F8413003F0FF021BB983
:1052600080F84020FDF7FCFC2423226884F84130BC
:10527000D368204623F40053D360FFF77DFF2368F3
:1052800000201A6922F490421A615A6922F02A0217
:105290005A61DA6842F40052DA602023606484F8CC
:1052A000413084F84230606310BD0120FCE72DE9F5
:1052B000F843984690F841300446202B0E46174696
:1052C0003FD100293FD0002A3DD02123002545644D
:1052D00080F84130FDF762FEA3688146B3F5805F38
:1052E000A784E78403D123690BB935461E46E38CB6
:1052F0009BB253B943464A4640212046FFF776FF0A
:10530000202350B984F841300AE043464A468021C0
:105310002046FFF76BFF28B12023032084F841309B
:10532000BDE8F88322684EB935F8023BC3F30803A1
:105330005360E18C013989B2E184D8E716F8013B6A
:10534000F6E70220ECE70120EAE72DE9F8431F46E3
:1053500090F842300446202B0E46914648D1002951
:1053600048D0002A46D022230025456480F84230E8
:105370000563FDF713FEA3688046B3F5805FA4F8CC
:105380002C90A4F82E9003D123690BB935461E4604
:10539000E08D80B218B9202384F842300AE03B4601
:1053A000424620212046FFF721FF28B12023032079
:1053B00084F84230BDE8F88323684EB95B68C3F3D4
:1053C000080325F8023BE38D013B9BB2E385DFE751
:1053D000A268B2F5805F02D032B9226922B9596859
:1053E000C9B206F8011BEEE7596801F07F01F8E742
:1053F0000220DFE70120DDE710B50446226802F154
:105400000C0353E8003F23F4F0730C3242E8003100
:1054100023680029F2D103F1140252E8002F22F090
:10542000010203F1140040E800210029F3D1226BAE
:10543000012A0BD103F10C0252E8002F22F01002D6
:1054400003F10C0040E800210029F3D15A6912064B
:105450001AD503F1140252E8002F22F0800203F162
:10546000140040E800210029F3D1A06B60B1416332
:10547000FDF710FE40B1A06BFDF772FE202803D1AE
:1054800010230320636410BD226853695B0616D5A0
:1054900002F1140353E8003F23F0400302F114002B
:1054A00040E800310029F3D1E06B40B14163FDF7E2
:1054B000F1FD20B1E06BFDF753FE2028E0D0002085
:1054C0002023E084E085606484F8423084F8413031
:1054D0002063D8E7704708B50023406AC385C384BA
:1054E000FCF7F0FB08BD704710B50446226802F1D6
:1054F0000C0353E8003F23F490730C3242E8003170
:1055000023680029F2D103F1140252E8002F22F09F
:10551000010203F1140040E800210029F3D1226BBD
:10552000012A0BD103F10C0252E8002F22F01002E5
:1055300003F10C0040E800210029F3D15A6912F070
:10554000400220D003F1140252E8002F22F0400262
:1055500003F1140040E800210029F3D1E06B48B1C9
:105560000C4B4363FDF7B6FD10B1E06B436B9847FE
:10557000002010BD2023E08584F8423020632046BF
:10558000FFF7B1FFF4E72023E28584F8423022637D
:10559000F5E700BF9955000808B520220023406AAE
:1055A000C38580F842200363FFF79DFF08BD704765
:1055B00090F8423007B5222B42D181680268B1F5DC
:1055C000805F836A3FD1016900293FD15268C2F3ED
:1055D000080223F8022B8362C38D013B9BB2C38573
:1055E000002B2DD10268D16821F02001D160D16853
:1055F00021F48071D160516921F0010151612022B3
:1056000080F842204363026B012A026828D10363B9
:1056100002F10C0353E8003F23F0100302F10C0CDD
:105620004CE800310029F3D11368DB0605D5019160
:105630001368019353680193019B818DFFF7B7FFB6
:1056400003B05DF804FB39B9016929B95268D2B2D7
:105650001A70836A0133BEE7526802F07F02F7E7EF
:10566000FCF726FBECE70000036873B51A680446F4
:105670001607D9685D6908D1960668D58D0666D586
:1056800002B0BDE87040FFF793BF05F0010001F4E0
:10569000907505435BD0D60705D5CD0542BF636C39
:1056A00043F001036364530704D518B1636C43F0FE
:1056B00002036364960704D518B1636C43F00403D6
:1056C0006364150707D501F0200303431EBF636C15
:1056D00043F008036364636C002B32D0920604D558
:1056E0008B0602D52046FFF763FF266820467369C4
:1056F000626C03F0400302F0080253EA020522D074
:10570000FFF70CFD73695E0618D5226802F11403D9
:1057100053E8003F23F04003143242E800310029EF
:10572000F3D1E06B50B1744B4363FDF7D3FC40B150
:10573000E06B436B02B0BDE8704018472046FCF7B1
:10574000C1FA02B070BDFCF7BDFA6564F9E7206BE1
:10575000012840F09480D50640F19180C80640F1C0
:105760008E80002201921A6801925A680192019A71
:105770005A6952064DD5E16B0A68526892B2002A06
:10578000DFD0A08D9042DCD9E2858A69202A36D00C
:1057900003F10C0252E8002F22F4807203F10C0096
:1057A00040E800210029F3D103F1140252E8002F50
:1057B00022F0010203F1140040E800210029F3D196
:1057C00003F1140252E8002F22F0400203F114000A
:1057D00040E800210029F3D1202284F842202163EF
:1057E00003F10C0252E8002F22F0100203F10C002A
:1057F00040E800210029F3D1E06BFDF74BFC0223C8
:105800006363E38DA18DC91A89B22046FFF7CFFEED
:1058100097E7E28DE08DA18D80B292B2002890D002
:10582000891A89B200298CD003F10C0252E8002FAA
:1058300022F4907203F10C0545E800200028F3D112
:1058400003F1140252E8002F22F0010203F11405C3
:1058500045E800200028F3D1202284F8422020636C
:1058600003F10C0252E8002F22F0100203F10C05A4
:1058700045E800200028F3D102236363C5E716063C
:1058800028D50D0626D594F84120212A7FF459AF5A
:10589000A168226AB1F5805F17D12169A9B932F8F0
:1058A000021BC1F3080159602262E28C013A92B2F4
:1058B000E284002A7FF445AFDA6822F08002DA60E1
:1058C000DA6842F04002DA603BE7511C216212784C
:1058D0005A60EAE750067FF534AF4A067FF531AFEC
:1058E000DA68204622F04002DA60202384F8413052
:1058F000FFF7F0FD25E700BFD75400080023C2855D
:10590000436422238285026980F842308162036801
:105910001AB1DA6842F48072DA605A69002042F003
:1059200001025A61DA6842F02002DA60704770B40E
:1059300090F84260202E06D141B13AB100240463B0
:1059400070BCFFF7DBBF022070BC70470120FBE793
:10595000F0B50A78CD7830F82240034624F4EC44C0
:1059600024F070042404240C032D03D8DFE805F090
:1059700041494745012048F28006344323F822403C
:1059800033F822409F4FA4B23C401443344323F8E1
:1059900022400C7B03EB021C002C40F08D80CC8855
:1059A0004E78640864007EB3B3F8501089B2614445
:1059B000A1F8004433F82210490609D533F8221023
:1059C00089B2394041F4004141F0C00123F822106E
:1059D00033F822108C4C89B2012D01EA040101D068
:1059E00081F0200141F4004141F0800123F82210B0
:1059F0004CE0284644F40074BDE744F4C064002041
:105A0000B9E744F48064FAE7B3F850500969ADB2DD
:105A10006544A5F80844B3F850403E29A4B2644454
:105A2000B4F80C54C5F30905A4F80C542FD94D094A
:105A3000CE06B4F80C1408BF05F1FF3589B241EA6F
:105A400085216FEA41416FEA514189B2A4F80C14F3
:105A500033F822104F040DD533F8221021F4E04121
:105A600021F070010904090C41F4404141F080012A
:105A700023F82210654CC2B91A8892B2224082F4EF
:105A8000405242F4004242F080021A80F0BD11B947
:105A9000B4F80C14D5E74D08C907B4F80C1448BF86
:105AA000013589B241EA8521CFE733F8221089B266
:105AB000214081F4005195E7022D33F822405BD15B
:105AC000A4B23C4044F4014444F0800423F8224052
:105AD000B3F850400E89A4B2760864447600A4F866
:105AE00000644E89B3F850407608A4B2644476004E
:105AF000A4F808644978002948D133F822104E04EC
:105B00000DD533F8221021F4E04121F07001090491
:105B1000090C41F4404141F0800123F8221033F890
:105B200022104D060DD533F8221021F4E04121F06A
:105B300070010904090C41F4004141F0C00123F84F
:105B4000221048F2800433F8221021F4804121F021
:105B500070010904090C81F44051214323F82210FB
:105B600033F8221021F4E04121F040010904090C2E
:105B70000C4323F8224089E724F4E24424F0700423
:105B80002404240C264323F82260A1E733F82210D2
:105B90004C040DD533F8221021F4E04121F07001BE
:105BA0000904090C41F4404141F0800123F822101E
:105BB00033F8221049060DD533F8221021F4E041C4
:105BC00021F070010904090C41F4004141F0C001C9
:105BD00023F8221033F822100B4C89B22140012DFA
:105BE00018BF81F0200141F4004141F0800123F809
:105BF000221033F8221021F4804121F070010904B1
:105C0000090CEFE68F8FFFFFBF8FFFFF8FBFFFFFF6
:105C10004B780A788BB130F8223023F4E04323F03C
:105C200040031B041B0C83F0100343F4004343F0B8
:105C3000800320F822300020704730F8223023F40F
:105C4000804323F070031B041B0C83F48053ECE7A8
:105C50000B7B3BBB4B780A7833B330F822305B06C2
:105C60000DD530F8223023F4E04323F070031B04F9
:105C70001B0C43F4004343F0C00320F82230CB78E0
:105C8000012B0FD030F8223023F4E04323F04003FF
:105C90001B041B0C83F0200343F4004343F08003F8
:105CA00020F822300020704730F822305B040DD5F8
:105CB00030F8223023F4E04323F070031B041B0C64
:105CC00043F4404343F0800320F8223030F8223080
:105CD00023F4804323F070031B041B0C83F4405314
:105CE000DAE711B98023A0F84C3000207047B0F8F3
:105CF000440080B270470020704700EB420001333F
:105D000000F580605B0800EB8303834200D170479D
:105D100031F8022B20F8042BF7E72DE9F0474B78F8
:105D20000446012B0D460A7B40F01881D1F81090F3
:105D30008F6949694F4528BF4F460ABBBFB2EA8801
:105D40003B46FFF7DAFFB4F85000297880B204F23E
:105D50000442090102448F522A7834F8223023F495
:105D6000E04323F040031B041B0C83F030030020AE
:105D700043F4004343F0800324F82230BDE8F08769
:105D8000EB7895F800E0022B2E6A4FEA0E1C40F0EB
:105D9000D080B14530F82E2080F0B48022F4E0426B
:105DA00022F070021204120C42F4014242F080020E
:105DB00020F82E2030F82E80B0F850E0F61B18F0B6
:105DC00040082E6201EB070ABBB21FFA8EFE4ED0CE
:105DD00000F20C42724422F80C306A89FFF78DFF02
:105DE000B14536BFF31B00233E466A782B62C5F8E7
:105DF00014A0B3B27ABBB4F85020287892B204F25F
:105E0000044100011144425A3E2EC2F3090242529B
:105E100014D9425A7709F60608BF07F1FF3792B244
:105E200042EA87226FEA42426FEA524292B24252FB
:105E30002A8951462046FFF760FF8DE70EB9425A86
:105E4000F0E7F207425A4FEA560748BF013792B2CD
:105E500042EA8722EAE7012AEAD1B4F85000297819
:105E600080B204F20442090102448B52E0E700F2DE
:105E70000442724422F80C302A89FFF73EFFB145F4
:105E800036BFF31B43463E466A782B62C5F814A022
:105E9000B3B25ABBB4F85020287892B204F20C4145
:105EA00000011144425A3E2EC2F30902425210D957
:105EB000425A7709F60608BF07F1FF3792B242EA65
:105EC00087226FEA42426FEA524292B242526A8994
:105ED000AFE70EB9425AF4E7F207425A4FEA5607C3
:105EE00048BF013792B242EA8722EEE7012AEED19B
:105EF000B4F85000297880B204F20C42090102443F
:105F00008B52E4E722F4E24222F070021204120CF7
:105F100042F4004242F0800220F82E20B0F85030C7
:105F200000F204429BB21A44B3B222F80C302A8920
:105F300081E7F61B30F82E202E62B0F85060BBB21D
:105F40005706B6B206D500F20C42324422F80C30A5
:105F50006A8970E700F204423244E6E7002A3BD146
:105F60008B690969B0F850008B4284BF5A1A0B46FE
:105F70002978AA6180B204F20C4209010244885ACD
:105F80003E2BC0F3090088521AD95809DE068B5AF5
:105F900008BF00F1FF309BB243EA80236FEA43431E
:105FA0006FEA53439BB28B522A7834F8223023F4A1
:105FB000804323F070031B041B0C83F44053D6E68C
:105FC0000BB98B5AEAE75808DB078B5A48BF0130F8
:105FD0009BB243EA8023E5E7CA78022A70D1002BFE
:105FE00038D1B0F850200B7892B200F204401B0177
:105FF0001044C25AC2F30902C2520A693E2A46D963
:10600000C15A5609D70608BF06F1FF3689B241EAE0
:1060100086216FEA41416FEA514189B2C152B4F819
:10602000500004F20C4180B20144C85A3E2AC0F329
:106030000900C85238D95009D706CA5A08BF00F11A
:10604000FF3092B242EA80226FEA42426FEA524245
:1060500092B2CA52EB69002BA6D044F240032A78D0
:1060600034F8221003EA01008B4301D000289BD1B1
:1060700034F8223023F4E04323F070031B041B0C9C
:1060800043F4004343F0C00324F822308CE70AB9FC
:10609000C15ABEE7D107C15A4FEA520648BF01367E
:1060A00089B241EA8621B8E70AB9CA5ACCE7500852
:1060B000D607CA5A48BF013092B242EA8022C7E7E7
:1060C000012A5DD18A6909698A4294BF0020501A69
:1060D000A86188BF0A46002B7FF466AFB4F8501061
:1060E0002B7889B204F204401B010844C15A3E2AAD
:1060F000C1F30901C1522BD9D106C15A4FEA521638
:1061000008BF06F1FF3689B241EA86216FEA4141B4
:106110006FEA514189B2C152B4F8500004F20C4107
:1061200080B20144C85A3E2AC0F30900C8521BD9A4
:106130005009D606CA5A08BF00F1FF3092B242EAAF
:1061400080226FEA42426FEA524292B2CA522BE771
:106150000AB9C15ADAE7C15A5608D70748BF01360B
:1061600089B241EA8621D5E70AB9CA5AE9E7500857
:10617000D207CA5A48BF013092B242EA8022E4E70D
:106180000120FBE500EB4200F0B500F580605D0802
:106190000C4607462E46023436B9DB0744BF30F8BA
:1061A000253001F81530F0BD37F8042B013E92B2CE
:1061B00004F8022C120A04F8012CECE708B5D0F818
:1061C000B43233B11B689847003818BF0120400033
:1061D00008BD0220FCE708B5D0F8B4325B689847E8
:1061E000002008BD38B500F52A750446284600F0A1
:1061F00007FB012394F8A812C4F89432B4F8AE3225
:10620000C4F8983201F01F03012B08D0022B0BD0E9
:106210007BB92946204600F0FBF8002038BD29460E
:10622000204600F03DFAF8E72946204600F05CFAE7
:10623000F3E7204601F0800101F0A4F9EDE770B525
:106240000446164639BBD0F89422032A1CD1D0E963
:10625000585295420BD9AD1AAA423146C0F8605146
:106260008CBFAAB292B200F0EBFA002070BDD0F859
:10627000B4321B6923B190F89C22032A00D19847BD
:10628000204600F0E5FAF0E7052AEED1C4F89412B2
:1062900001F078F9E9E7D0F8B4329B692BB190F8B6
:1062A0009C22032A01D19847DFE70220DEE7F8B5F8
:1062B000044613460F46002949D1D0F89422022AF9
:1062C0003AD1D0E90856B54211D9AD1B194605623D
:1062D000AAB200F0ADFA3B461A461946204601F034
:1062E00086F994F8A032012B2DD00020F8BDC369A7
:1062F000B3FBF6F506FB153565B99E420AD8D0F812
:106300009822934206D22A4600F092FA2B46C4F80D
:106310009852E1E7D4F8B432DB682BB194F89C22B0
:10632000032A01D1204698478021204601F02AF90E
:10633000204600F098FAD4E732F00403D1D180214E
:1063400001F020F9CDE7002384F8A032CDE7D0F8A2
:10635000B4325B692BB190F89C22032A01D1984793
:10636000C3E70220C2E7002270B50446012540269B
:106370001146402301F0FAF83346802100222046DE
:10638000C4F85851C4F8646101F0F0F80021D4F861
:10639000B832A561666284F89C52C4F894126160B8
:1063A000C4F8A41223B1D4F8B43220465B689847ED
:1063B000002070BD01740020704790F89C3280F876
:1063C0009D32042380F89C320020704790F89C3264
:1063D000042B04BF90F89D3280F89C320020704757
:1063E00008B590F89C22032A04D1D0F8B432DB69B6
:1063F00003B19847002008BD10B50446802101F084
:10640000C1F82046BDE81040002101F0BBB80000F3
:1064100037B50B78044603F06003202B0D4606D0F9
:10642000402B04D063B12046FFF7E6FF05E0D4F827
:10643000B432294620469B689847002003B030BDFF
:106440004B78092BEFD801A252F823F04F660008D1
:10645000856600082764000877660008276400083E
:106460007565000875640008276400081F66000849
:10647000B76500080023ADF806304B881A0A013AC8
:10648000062AD0D801A151F822F000BFA964000863
:10649000CD640008E764000827640008276400084A
:1064A0002B65000841650008D0F8B0321B68207CDD
:1064B0000DF106019847BDF80620EB88002A54D05C
:1064C000002B49D1204600F0C3F9B6E7027CD0F892
:1064D000B43232B99B6A0DF106009847022343702B
:1064E000E9E7DB6AF7E7DBB2052B9CD8DFE803F0CE
:1064F00003090D111519D0F8B0325B68002BD6D105
:1065000091E7D0F8B0329B68F8E7D0F8B032DB689A
:10651000F4E7D0F8B0321B69F0E7D0F8B0325B692D
:10652000ECE7D0F8B0329B69E8E7037C002B7FF4FE
:106530007AAFD0F8B4320DF106005B6B9847BAE73A
:10654000037C002B7FF46FAFD0F8B4320DF106005E
:106550001B6B98470723C2E79A4228BF1A46014699
:106560002046ADF8062000F056F9EB88002B7FF4AA
:1065700064AFA7E78B88002B7FF455AFCB88002B47
:106580007FF451AF4D887F2D3FF64DAF90F89C3290
:10659000032B3FF448AFEDB2294680F89E5201F03C
:1065A00014F8204600F054F91DB1022384F89C32FF
:1065B00043E70123FAE78978384D012929703FF62E
:1065C00032AF90F89C32022B08D0032B15D0FFF786
:1065D00013FF20462978FFF7FEFD2EE700293FF440
:1065E00071AF01210323416080F89C322046FFF700
:1065F000E5FD02287FF466AF15E731B9022341605B
:1066000080F89C32FFF7E7FD5CE7416801293FF421
:1066100059AFC9B2FFF7DFFD29786160E6E7CA88A4
:10662000012A7FF400AF90F89C32022B0AD8002B8D
:106630003FF4F9AE0146002341F8083F204600F040
:10664000EAF8FAE6032B7FF4EEAE011DF6E790F8C8
:106650009C32013B022B3FF6E6AECA88022A7FF449
:10666000E2AED0F8A4320146002B0CBF0123032375
:1066700041F80C3FE2E74B88012B7FF4DEAEC4F813
:10668000A4321FE790F89C32013B022B3FF6CBAEC1
:106690004B88012B7FF4D1AE0023F0E7F4090020F2
:1066A00038B50B78044603F060025B060D4601D551
:1066B000402A15D194F89C32013B022B10D82B793B
:1066C000012B0DD8D4F8B43229469B682046984750
:1066D000EB881BB910B9204600F0BAF8002038BD8D
:1066E0002046FFF789FEF9E738B50A78044602F03C
:1066F0006002202A0B468D8806D0402A04D05AB169
:106700002046FFF779FE05E0D4F8B422194620466A
:1067100092689047002038BD5A78E9B2012A35D0F6
:10672000032A21D0002AEBD190F89C32022B44D0CE
:10673000032BE5D1142201F00F0315F0800F02FBAB
:1067400003034BD09B69002BDAD0142501F07F03A3
:1067500003FB0555802905444BD0204600F024FF5B
:1067600000284BD0012345E090F89C22022A1BD040
:10677000032AC5D15A882AB94A0603D0DB880BB947
:1067800000F000FF204600F063F8C3E790F89C2279
:10679000022A09D0032AB3D15B88002BBAD14D0657
:1067A000F0D000F0F8FEEDE74B06A9D000F0EAFECD
:1067B0008021204600F0E6FEACE74A06A0D12B0679
:1067C0004FF000034FF002024CBF00F1140100F53E
:1067D000AA710B60204600F01EF89BE7D3F85831F1
:1067E000002B8DD0142505FB010505F5AA750029A0
:1067F000B3D100232B6002222946EBE72860FAE799
:106800000B7803704B7843704B8843808B88838070
:10681000CB88C38070471346022210B5C0E9073306
:10682000C0F894220A46002100F0D8FE002010BDD6
:1068300008B513460A46002100F0D0FE002008BD2E
:1068400008B513460A46002100F0D1FE002008BD1D
:1068500008B50423C0F8943200231A46194600F004
:10686000BDFE002008BD08B50523C0F89432002302
:106870001A46194600F0BBFE002008BD08B500F01E
:1068800041FA002008BD70B5054646690B46D0E9BF
:1068900000102A69B5F9084086B076B1AD6965B1D6
:1068A000842C0CBF00240334CDE90165009400F072
:1068B000C2F90590059806B070BD842C0CBF002469
:1068C000033405ADCDE9004592B200F0ECF90128A2
:1068D000F0D00020EFE708B5012838BF012000F014
:1068E00061FB002008BD4FF0FF3200F10803C0E952
:1068F00002234360036100230360704700230361A8
:10690000704743689A684B608A6051609960036879
:10691000086101330360704730B50C68631C0AD10D
:1069200003695A684A6091608B6059600368086126
:106930000133036030BD00F1080213465268156848
:10694000A542FAD9EDE70369D0E901128A605160E6
:106950005968814208BF5A60002202611A68013AF0
:106960001A601868704700002DE9F041044600F0F5
:10697000E1FB2F4B2F4E1A682F4F01321A603568FA
:10698000002D4AD134601B68012B1FD1B846404608
:106990000135FFF7A8FF072D08F11408F7D1DFF83C
:1069A0009C80274D4046FFF79EFF2846FFF79BFF40
:1069B0002448FFF798FF2448FFF795FF2348FFF787
:1069C00092FF234BC3F80080224B1D60224A2349CB
:1069D00013680868013313600123E26A934003439C
:1069E00014200B6000FB0270211DFFF78AFF00F0EE
:1069F000C1FB1B4B1B6873B13368DA6AE36A9A42C6
:106A000009D24FF0E0234FF08052C3F8042DBFF3BA
:106A10004F8FBFF36F8FBDE8F081114B1A68E36AA7
:106A2000002AD3D13268D26A9A4298BF3460CDE747
:106A30001C0A00201C0B0020900A00207C0A002069
:106A4000680A00204C0A0020380A0020200A002092
:106A5000640A0020600A0020000A0020140A0020B6
:106A6000100A0020F8B51A4B1A4D06461C68286813
:106A70000F460430FFF767FF40B92A681649D06A0D
:106A800001220B68824023EA02030B60731C07D1CA
:106A900037B1296811480431BDE8F840FFF731BF2C
:106AA0002B68A4195C6007D30D4B18682968BDE8F2
:106AB000F8400431FFF730BF0A4B186829680431E9
:106AC000FFF72AFF084B1A68A24288BF1C60F8BD76
:106AD000180A00201C0B0020140A0020200A0020A5
:106AE000600A0020640A0020FC090020064A13689E
:106AF0001968064B19B94FF0FF321A6070471268D7
:106B0000D268D2685268F8E7640A0020FC090020C5
:106B100010B590F8513004463BB9006B00F0A0FC72
:106B20002046BDE8104000F09BBC012BF9D0022BA1
:106B300008D04FF0500383F31188BFF36F8FBFF37A
:106B40004F8FFEE710BD000080B5134C134F144D5E
:106B5000236873B9134B1B68012BF8D94FF0E0235E
:106B60004FF08052C3F8042DBFF34F8FBFF36F8FE8
:106B7000EDE700F0DFFAFB68DE68301DFFF7E3FEAB
:106B80002B68013B2B602368013B236000F0F2FA85
:106B90003046FFF7BDFFDBE7340A0020380A00204B
:106BA0001C0A0020900A00202DE9F04702F18042E3
:106BB000DDE90984266B013A06EB82060746994611
:106BC00026F00706A1B34B1E04F133020F3113F870
:106BD000010F02F8010F08B18B42F8D1002384F8AD
:106BE0004330089D4FF0000A062D28BF0625201DC2
:106BF000E5626564C4F848A0FFF780FEC5F10705AB
:106C000004F11800FFF77AFEC4F84CA04A46394652
:106C100030462461A561646284F850A000F060FAF7
:106C20002060B8F1000F01D0C8F80040BDE8F0873F
:106C300084F83410D5E770B586B0DDE90B5445B95A
:106C40004FF0500383F31188BFF36F8FBFF34F8F63
:106C5000FEE744B94FF0500383F31188BFF36F8F01
:106C6000BFF34F8FFEE754260596059E542E08D09D
:106C70004FF0500383F31188BFF36F8FBFF34F8F33
:106C8000FEE72563022584F8515004AD01950A9D65
:106C900002940095059EFFF787FF2046FFF764FEEC
:106CA000049806B070BD2DE9F043074685B090000A
:106CB00088461646994600F03BFB054620B94FF042
:106CC000FF3005B0BDE8F083542000F031FB0446EE
:106CD00098B1002380F851300D9B056301930C9B04
:106CE000324641460290009338464B46FFF75CFF20
:106CF0002046FFF739FE0120E3E7284600F0B0FB0D
:106D0000DDE7000010B5002488B007AA06A905A891
:106D1000CDE90544FAF714FE059B079A0293069BFA
:106D20000F49CDE900430F482346FFF784FFA8B180
:106D30004FF0500383F31188BFF36F8FBFF34F8F72
:106D40004FF0FF32084B1A600122084B1A60084BC3
:106D50001C6008B0BDE8104000F06CBA08B010BD6F
:106D6000D19F0008496B0008FC090020100A002090
:106D7000180A0020024A136801331360704700BFED
:106D8000F8090020414B2DE9F74F1B68002B76D105
:106D90003F4B1C6801341C60BCB93E4B1A6812683A
:106DA00042B14FF0500383F31188BFF36F8FBFF3ED
:106DB0004F8FFEE7384A1968106818601160374A2B
:106DC000136801331360FFF791FE354D4FF0000B50
:106DD0002B68344E9C42344F12D214213A68D26A46
:106DE0004A43B258022A314A28BF4FF0010B1268B9
:106DF000002A18BF4FF0010B584603B0BDE8F08FD2
:106E0000DFF890A0DFF8A890DAF8002012681AB92D
:106E10004FF0FF322A60E0E7DAF80020D268D2F8BB
:106E20000C80D8F804108C4201D22960D5E708F113
:106E3000040318460193FFF786FDD8F8281019B10E
:106E400008F11800FFF77FFD01224FF0140CD8F86D
:106E50002C00D9F8003002FA00F119430CFB006055
:106E6000C9F8001008F10401FFF74BFD3868D8F8A5
:106E70002C10C26A914228BF4FF0010BC4E70D4AA3
:106E80004FF0000B136801331360B5E7F8090020D9
:106E9000180A0020640A0020600A0020040A00206A
:106EA000FC090020900A00201C0B0020080A00208A
:106EB000140A00200C0A00202DE9F843314C236805
:106EC00043B94FF0500383F31188BFF36F8FBFF3C3
:106ED0004F8FFEE700F02EF92368013B2360246802
:106EE0002CB1002400F046F92046BDE8F883264B7B
:106EF0001B68002BF5D0254D254EDFF898801FE04C
:106F0000EB680127DC6804F1040904F11800FFF7BD
:106F10001AFD4846FFF717FD1420E26A316807FAA8
:106F200002F30B4300FB028049463360FFF7E9FCA4
:106F3000194BE26A1B68DB6A9A4201D3174B1F6048
:106F40002B68002BDCD10CB1FFF7D0FD144D2C6861
:106F500044B10127114EFFF715FF00B13760013C26
:106F6000F9D12C600D4B1B68002BBAD04FF0E023F9
:106F70004FF08052C3F8042DBFF34F8FBFF36F8FD4
:106F80000124AFE7F80900201C0A00204C0A002069
:106F9000140A0020900A00201C0B0020080A002080
:106FA0000C0A002008B550B94FF0E0234FF0805292
:106FB000C3F8042DBFF34F8FBFF36F8F08BD0A4B8B
:106FC000196841B14FF0500383F31188BFF36F8FFD
:106FD000BFF34F8FFEE7FFF7CDFEFFF743FDFFF74F
:106FE0006BFF0028E0D0E9E7F8090020174B10B547
:106FF0001A68174B12B101221A6010BD1A60154BA6
:107000001A68B2FA82F21423D2B2C2F11F025343B9
:107010001149CC58C81844B94FF0500383F3118874
:10702000BFF36F8FBFF34F8FFEE744680833646888
:107030000B449C4208BF6368446008BF436014234C
:1070400003FB02114B68DA68044BD5E7F80900200E
:10705000080A0020140A0020900A00201C0B0020BF
:10706000054B1B6833B1054B1868B0FA80F0400936
:107070004000704701207047100A0020F8090020E6
:1070800006480068006880F3088862B661B6BFF3FE
:107090004F8FBFF36F8F00DF00BF000008ED00E0EF
:1070A000002382B001930D4B1B68013308D04FF0D1
:1070B000500383F31188BFF36F8FBFF34F8FFEE749
:1070C0004FF0500383F31188BFF36F8FBFF34F8FDF
:1070D000019B002BFCD002B0704700BF18000020BD
:1070E0004FF0807340F8043C054B21F0010140F85B
:1070F000081C40F80C3C40F8202C4038704700BF7A
:10710000A170000800000000000000000000000066
:10711000074B19680868B0E8F00F80F30988BFF3DF
:107120006F8F4FF0000080F311884EF00D0E704706
:107130001C0B00204FF0500383F31188BFF36F8FB7
:10714000BFF34F8F0A4A13680133012B13600ED12E
:107150004FF0E023D3F8043DDBB243B14FF05003CE
:1071600083F31188BFF36F8FBFF34F8FFEE7704734
:1071700018000020084A136843B94FF0500383F306
:107180001188BFF36F8FBFF34F8FFEE7013B136092
:107190000BB983F31188704718000020000000002D
:1071A000EFF30980BFF36F8F0D4B1A6820E9F00FE2
:1071B00010602DE908404FF0500080F31188FFF770
:1071C00015FF4FF0000080F31188BDE808401968F2
:1071D0000868B0E8F00F80F30988BFF36F8F70473D
:1071E0001C0B002008B54FF0500383F31188BFF348
:1071F0006F8FBFF34F8FFFF7C5FD28B14FF0E0232E
:107200004FF08052C3F8042D002383F3118808BD8A
:107210004FF0E02200234FF47A7113619361044B25
:107220001B68B3FBF1F3013B536107231361704704
:107230000C00002013B5274B1A78D2B20192FF221E
:107240001A701B78244ADBB28DF803309DF80330A6
:1072500003F0500313700723204A13609DF80310B6
:10726000136809060AD4032B11D04FF0500383F39F
:107270001188BFF36F8FBFF34F8FFEE7013B1360A1
:107280009DF803305B00DBB28DF80330E6E74FF486
:1072900040731360019B0F4ADBB213704FF0E02381
:1072A0000024D3F8202D42F47002C3F8202DD3F827
:1072B000202D42F07042C3F8202DFFF7A9FF084BA4
:1072C0001C60FFF7DDFEFFF791FE2046FFF7E8FEAA
:1072D00002B010BD00E400E0240B0020200B0020D1
:1072E0001800002010B5104B1A461B688342FBD3D0
:1072F00054681119884201BF41681046091951604C
:10730000446801198B420CD1084909688B4203D0AB
:1073100059682144416019689042016018BF1060AB
:1073200010BD1946F8E700BF400B00203C0B0020C1
:107330002DE9F0410446FFF71DFD4249424D0B681F
:107340000BBB424A56071FBFD01D20F0070002F5B5
:107350002052131A0CBF4FF420530246002013444E
:107360003B4E083B23F0070370603260C3E9000026
:10737000981AC2E900300B60364B1860364B186023
:107380004FF000432B602E68264255D1002C46D08A
:1073900004F1080360071CBF23F007030833002B28
:1073A0004AD02D4F3C689C4246D3294A15686868EC
:1073B000984204D2D5F800C0BCF1000F15D109687D
:1073C000A94239D02968D2F800801160C21A102A67
:1073D00012D9E81841070BD04FF0500383F31188FE
:1073E000BFF36F8FBFF34F8FFEE72A466546DEE798
:1073F00042606B60FFF776FF00236A681549A41AA4
:107400001643164A08682B601368844203F101038F
:107410003C6038BF0C606E6008F108041360FFF731
:107420004BFD63070AD04FF0500383F31188BFF37D
:107430006F8FBFF34F8FFEE70024F0E72046BDE8D3
:10744000F08100BF3C0B0020280B0020480B0020DF
:10745000400B0020340B0020380B0020300B0020A4
:1074600010B5044690B31A4A50F8043C126813420F
:1074700008D14FF0500383F31188BFF36F8FBFF330
:107480004F8FFEE750F8081C41B14FF0500383F3D3
:107490001188BFF36F8FBFF34F8FFEE723EA02031C
:1074A00040F8043CFFF766FC0A4A54F8043C1168B3
:1074B000A4F108000B441360FFF714FFBDE810406F
:1074C000054A136801331360FFF7F6BC10BD00BF17
:1074D000280B0020380B00202C0B002018B10228AC
:1074E0000CBF01200220704700F52671D0F8D402AD
:1074F000FEF778BE282303FB0103D0F8D402D3F8AB
:107500006421FEF79CBE282303FB0103D0F8D402BC
:107510005A6AFEF7CCBED0F8D402FEF761BF10B5B0
:1075200083790446022B01D0FAF7EAFBD4F8D4029F
:107530000121FEF73FFFD4F8D402BDE81040FEF76A
:1075400012BF000010B50446D0F8D402FEF735FF94
:10755000A37A23B1024A136943F00603136110BDF5
:1075600000ED00E0D0F8D402FEF730BF10B51446AD
:10757000D0F8C0021A462346FDF744F8BDE8104093
:10758000FFF7ACBF08B5D0F8C002FDF79AF8BDE828
:107590000840FFF7A3BF08B5D0F8C002FDF7C7F851
:1075A000BDE80840FFF79ABF282211F0800FD0F8FD
:1075B000C0321BBF01F07F0102FB013302FB01332C
:1075C000987C08BF93F85201704708B5D0F8C00204
:1075D000FCF700FBBDE80840FFF780BF08B5D0F816
:1075E000C002FDF756F8BDE80840FFF777BF08B5C1
:1075F000D0F8C002FDF736F8BDE80840FFF76EBFCF
:10760000002B2DE9F0471D46BBBF03F100431D468B
:1076100000232D2388B01446B8BF1446129A109E3A
:107620001370149BDDF84CA023F02008B8F1460F2E
:1076300005D0B8F1450F00D10136022300E0032345
:1076400007AA049206AACDE902A2CDE90036224695
:107650002B4600F059FEB8F1470F074619D1119B90
:10766000DB070ED500EB0609002200232046294641
:10767000F9F79AF908B1CDF81C903022079B4B45D9
:107680001ED33846079B159ADB1B136008B0BDE874
:10769000F087B8F1460F00EB0609E5D10378302BEF
:1076A0000AD10022002320462946F9F77DF918B9AE
:1076B000C6F10106CAF80060DAF800309944D3E751
:1076C000591C07911A70D9E7F7B50029B6BF2D23C9
:1076D0002B23494209290270437029DD0DF107036C
:1076E0001D460A27B1FBF7F61A4607FB161430347D
:1076F00002F8014C0C46632C314603F1FF33F1DCF8
:107700003031941E03F8011C2346411CAB420AD3BE
:107710000DF109039B1AAC4288BF002302330344D6
:10772000181A03B0F0BD13F8016B01F8016FEDE713
:10773000302330318370C170031DF1E72DE9F04F24
:1077400091B00C46DDF8688016461F46054600F0ED
:10775000BFFC036818460893F8F7FAFC00230E9361
:10776000D8F800300990073323F0070303F108022B
:1077700094F818A0D4F800B0C8F80020D3E9008924
:1077800029F000430B93CDF828804FF0FF32DDE95C
:107790000A01C4E912899C4BF9F738F970BBDDE99D
:1077A0000A014FF0FF32984BF9F712F930BB002273
:1077B000002340464946F9F701F910B12D2384F81A
:1077C0004330924A924BBAF1470F8CBF904698468D
:1077D00003234FF0000923612BF004032360334699
:1077E0002146284600970FAA00F0D4F9013040F056
:1077F00090804FF0FF3011B0BDE8F08F42464B460D
:1078000040464946F9F702F948B14B46002BB8BF4C
:107810002D23804AB8BF84F843307F4BD3E7636899
:107820000AF0DF015A1C3FD10623636000224BF4AB
:107830008063236006920EAACDE904A20DAA0392EA
:107840000DF13302CDE901326368424600932846C8
:107850004B460A91FFF7D4FE0A99804647290D99B5
:1078600028D1C81C02DB6368994240DDAAF1020AF4
:107870005FFA8AFA5246013904F150000D91FFF780
:1078800023FF0E9A81461318012A236102DC226825
:10789000D20701D5013323619DF83330002B9ED0F0
:1078A0002D2384F843309AE74729BFD1002BBDD15F
:1078B0000123BAE7BAF1650FDCD9BAF1660F18D126
:1078C000002963680BDD216113B92268D00702D556
:1078D00001330B4423614FF00009A165DCE713B9C4
:1078E0002268D20701D50233F4E70123F2E74FF013
:1078F000670A0E9B994205DB23682161D807EAD508
:107900004B1CE7E70029CCBF0122C1F1020213445E
:10791000E0E723685A0507D42369424631462846E2
:10792000B84701302BD164E7BAF1650F40F2DC8033
:10793000D4E9120100220023F9F736F8002833D0E9
:10794000012331462846354AB84701303FF451AF4C
:10795000DDE90D38434502DB2368D8070FD5DDE9A3
:10796000082331462846B84701303FF442AF4FF074
:10797000000908F1FF3804F11A0AC84509DC236838
:107980009B0700F10281E0680F9B9842B8BF184640
:1079900031E70123524631462846B84701303FF4CB
:1079A00028AF09F10109E8E70D9B002B38DC012322
:1079B00031462846194AB84701303FF41AAFDDE98D
:1079C0000D3959EA030302D12368D907D7D5DDE978
:1079D000082331462846B84701303FF40AAF4FF03C
:1079E000000A04F11A0B0D9B5B42534501DC4B4628
:1079F00093E701235A4631462846B84701303FF401
:107A0000F8AE0AF1010AEEE7FFFFEF7FDA9F000808
:107A1000D69F0008E29F0008DE9F0008E69F00084E
:107A2000A36DDDF838A05345A8BF5346002B9946F7
:107A300036DC4FF0000B29EAE97904F11A02A36D54
:107A40000A93A3EB09035B4531DC0D9B9A453ADCB5
:107A50002368DA0737D40D9BAAEB03090A9BAAEB2C
:107A600003039945A8BF9946B9F1000F33DC4FF0E5
:107A7000000829EAE97904F11A0B0D9BAAEB03032C
:107A8000A3EB090343457FF77AAF01235A463146FA
:107A90002846B84701303FF4ACAE08F10108ECE7E6
:107AA000424631462846B8470130C2D1A1E60123FB
:107AB000314628460A92B84701303FF49AAE0A9AF6
:107AC0000BF1010BBBE73146DDE908232846B84737
:107AD0000130C0D18DE60A9A4B46314628464244D1
:107AE000B8470130C3D184E6DDF838A0BAF1010F00
:107AF00001DCDB0736D50123424631462846B8472C
:107B000001303FF476AEDDE9082331462846B84718
:107B100001303FF46EAED4E91201002200230AF1D5
:107B2000FF3AF8F741FFC0B9534608F10102314668
:107B30002846B84701300CD15BE601235A4631464E
:107B40002846B84701303FF454AE08F10108D0454B
:107B5000F3DB4B4604F15002E0E64FF0000804F17D
:107B60001A0BF4E701234246E1E701234A46314676
:107B70002846B84701303FF43CAE08F10108E368FD
:107B80000F995B1A4345F0DCFDE64FF0000804F165
:107B90001909F4E72DE9F047164698468A680B69FB
:107BA00007469342B8BF1346336091F843200C4612
:107BB000DDF820900AB1013333602368990642BF93
:107BC000336802333360256815F0060506D104F1E9
:107BD000190AE36832689B1AAB422BDC94F84330F5
:107BE0002268003B18BF0123920630D44146384634
:107BF00004F14302C847013023D02368226903F00F
:107C00000603042B14BF002533684FF0000608BF9D
:107C1000E56804F11A0408BFED1A54F8123C08BFD5
:107C200025EAE5759342C4BF9B1AED18B5421AD1F7
:107C3000002008E00123524641463846C84701303B
:107C400003D14FF0FF30BDE8F0870135C1E73020A8
:107C5000E11881F843005A1C94F84510224402337D
:107C600082F84310C2E70123224641463846C847FE
:107C70000130E6D00136D9E72DE9FF470F7E914666
:107C8000782F80460C469A460C9E01F1430207D895
:107C9000622F0AD8002F00F0D180582F00F0B88052
:107CA00004F1420684F842703AE0A7F16303152B11
:107CB000F6D801A151F823F0117D0008257D0008B8
:107CC000A17C0008A17C0008A17C0008A17C000820
:107CD000257D0008A17C0008A17C0008A17C00088B
:107CE000A17C0008237E00084F7D0008DD7D000890
:107CF000A17C0008A17C0008457E0008A17C00084A
:107D00004F7D0008A17C0008A17C0008E57D0008EB
:107D100033681A1D1B68326004F1420684F8423051
:107D200001239CE033682068191D3160060601D5E7
:107D30001D6803E04506FBD5B3F90050002D03DABA
:107D40002D236D4284F843300A23584811E02168FE
:107D50003368080653F8045B02D4490648BFADB245
:107D60006F2F336014BF0A2308235048002184F882
:107D700043106668002EA66005DB21682E4321F0C3
:107D8000040121604BD01646B5FBF3F103FB1157FC
:107D9000C75D06F8017D2F46BB420D46F4D9082B7E
:107DA0000BD12368DF0708D5236961689942DEBFDC
:107DB000302306F8013C06F1FF36921B22614B4648
:107DC00021464046CDF800A003AAFFF7E3FE0130AC
:107DD0004AD14FF0FF3004B0BDE8F087236843F08C
:107DE000200323607827324884F84570236831687F
:107DF0001F0651F8045B02D45F0648BFADB2316084
:107E0000D90744BF43F0200323601DB11023ADE721
:107E10002648E9E7236823F020032360F6E71646A7
:107E2000BDE733682568181D616930602E061B6840
:107E300001D5196002E06806FBD5198000231646BB
:107E40002361BCE7336800211A1D32601E68626836
:107E5000304600F0B4F908B1801B606063682361AC
:107E6000002384F84330AAE7324649464046236956
:107E7000D0470130ADD023689B0713D4E068039B43
:107E80009842B8BF1846A6E7012332464946404605
:107E9000D04701309DD00135E36803995B1AAB42AE
:107EA000F2DCEBE7002504F11906F5E7E89F00088E
:107EB000F99F0008002310B50446C0E90033C0E96B
:107EC0000433836081814366C2818361194608223D
:107ED0005C3000F0F4F80D4B246263620C4BA3623B
:107EE0000C4BE3620C4B23630C4B9C4206D003F11A
:107EF0006802944202D0D0339C4205D104F158006C
:107F0000BDE8104000F058B910BD00BF398000082E
:107F10005B80000893800008B780000820360020AE
:107F2000024A0349034800F069B800BF1C00002062
:107F3000A19800082C00002041680C4B10B5994214
:107F4000044601D001F0ACFCA168094B994202D073
:107F5000204601F0A5FCE168064B994204D020467A
:107F6000BDE8104001F09CBC10BD00BF20360020D1
:107F700088360020F036002010B50B4B0B4C0C4A15
:107F800020461A6004210022FFF794FF04F16800E4
:107F900001220921FFF78EFF04F1D0000222BDE883
:107FA00010401221FFF786BF5837002020360020EE
:107FB000217F0008014800F000B900BF61370020B0
:107FC000014800F0FBB800BF6137002010B504463F
:107FD000FFF7F0FF236A1BB1BDE81040FFF7F0BFC9
:107FE000044B2362044B1B68002BF5D1FFF7C4FF41
:107FF000F2E700BF397F0008583700202DE9F84329
:108000000746884614460026D4E90195B9F10109CE
:1080100005D52468002CF7D13046BDE8F883AB893C
:10802000012B07D9B5F90E30013303D02946384664
:10803000C04706436835E9E710B50C46B1F90E10A4
:1080400000F06CF80028ABBF636DA3891B1823F404
:108050008053ACBF6365A38110BD2DE9F0411F467D
:108060008B890546DB050C46164605D50223002202
:10807000B1F90E1000F040F8A389324623F4805382
:10808000A38128463B46B4F90E10BDE8F04100F04C
:1080900057B810B50C46B1F90E1000F02DF8431C7E
:1080A000A38915BF606523F4805343F48053A381F3
:1080B00018BFA38110BDB1F90E1000F00DB8034632
:1080C0000244934200D1704703F8011BF9E7000016
:1080D000004870476801002038B50023054D04466C
:1080E00008462B60FAF7C4FE431C02D12B6803B18B
:1080F000236038BD5C37002038B504460846114679
:108100000022054D2A601A46FAF7BCFE431C02D134
:108110002B6803B1236038BD5C37002038B50446B6
:10812000084611460022054D2A601A46FAF784FED9
:10813000431C02D12B6803B1236038BD5C3700209B
:1081400038B50446084611460022054D2A601A46F5
:10815000FAF780FE431C02D12B6803B1236038BDBF
:108160005C370020014B1868704700BF28000020D2
:1081700070B500260C4D0D4C641BA410A64209D10D
:1081800001F0CCFE00260A4D0A4C641BA410A64246
:1081900005D170BD55F8043B98470136EEE755F818
:1081A000043B98470136F2E77CA300087CA3000853
:1081B0007CA3000880A300087047704770470346FF
:1081C00010B5C9B202449342184601D1002003E021
:1081D000047801338C42F6D110BD0A44914200F17B
:1081E000FF3300D1704710B511F8014B914203F8ED
:1081F000014FF9D110BD2DE9F74F03690C6907460E
:10820000A3427EDB013CA30000F1140501F1140838
:10821000009305EB8403019358F8243055F824208B
:1082200001339A42B2FBF3F608EB84092ED34FF0E8
:10823000000AC446AE46D3465CF8043B98B206FB3F
:1082400000A01B0C020C06FB0323DEF8002080B20A
:1082500092B2121A5A44DEF800004FEA134A9BB257
:10826000C3EB224303EB104392B242EA0342E145DF
:108270004FEA234B4EF8042BDED2009BEB582BB970
:10828000019B043B9D421A462FD33C61384601F0C6
:108290007FF9002825DB2946002058F8042BD1F867
:1082A00000C01FFA82FE1FFA8CF3A3EB0E030344F7
:1082B000120CC2EB234202EB1C429BB243EA024384
:1082C000C1454FEA224041F8043BE6D255F824204C
:1082D00005EB840322B9043B9D421A460BD33C6153
:1082E0000136304603B0BDE8F08F1268043B002A27
:1082F000CBD1013CC6E71268043B002AEFD1013C18
:10830000EAE70020EEE700002DE9F04F14461D4695
:10831000C76997B08146CDE90645239E7FB91020F5
:1083200000F00EFE0246C9F81C0020B9EF21AC4B4C
:10833000AC4801F0EDFAC0E901770760C760D9F8F1
:108340001C30196859B15A68012393404A608B6008
:10835000484600F0EBFE0022D9F81C301A602B1EB4
:10836000AFBF0023012223F000430793A8BF33606F
:10837000DDF81C809C4BB8BF326033EA080312D191
:1083800042F20F73229A1360C8F31303234300F0E1
:108390005E85249BDFF854A2002B00F060850AF173
:1083A000030300F05ABDDDE90623CDE90C23DDE926
:1083B0000C0100220023F8F7F7FA074658B1012311
:1083C000229A1360249B13B1894B249A1360DFF81F
:1083D00024A200F044BD14AB019315AB00934846B2
:1083E000DDE90C2301F084F9C8F30A560390002E4E
:1083F00078D0DDE90C010D9BA6F2FF36C3F3130321
:1084000043F07F5343F440131297194600227A4BEE
:10841000F7F7AAFE6CA3D3E90023F8F75DF86CA385
:10842000D3E90023F7F7A2FE044630460D46F7F7DE
:10843000E9FF69A3D3E90023F8F74EF802460B469B
:1084400020462946F7F792FE04460D46F8F7F4FA5F
:1084500000220746002320462946F8F7AFFA40B12C
:108460003846F7F7CFFF22462B46F8F79DFA00B9BA
:10847000013F162F54D8DDE90C01604B03EBC70315
:10848000D3E90023F8F79AFA00284BD00023013FE4
:108490000F93149B9B1B5A1E49BFC3F1010300237A
:1084A00004930023099254BF04930993002F3BDBEC
:1084B000099B0E973B44099300230A93209B092BA9
:1084C00065D8052BC4BF043B2093209BC8BF002464
:1084D000A3F10203D8BF0124032B64D8DFE803F023
:1084E0005355382CDDE914631E4406F23243202B29
:1084F000C1BFC3F1400308FA03F806F2124324FA9D
:1085000003F3D6BFC3F1200348EA030004FA03F0E3
:10851000F7F768FF0122A1F1F873013E129274E7A8
:108520000123B5E70F90B4E7049BDB1B04937B4268
:108530000A9300230E93C1E701230B93219B07EBC2
:10854000030B0BF10103012B0893B8BF012306E0D5
:1085500001230B93219B002B28DD9B4608930021D0
:108560000422D9F81C0002F114059D4226D941606D
:10857000484600F09BFD8246002843D1024640F267
:10858000AF111F4BD4E60023E3E70023D5E7012416
:1085900000230B9420934FF0FF3B00221223CDF8D1
:1085A00020B02192DBE701230B93F4E74FF0010B9E
:1085B0005B46CDF820B0CDF884B0D0E70131520051
:1085C000D1E700BFAFF3008061436F63A787D23F5D
:1085D000B3C8608B288AC63FFB799F501344D33FB2
:1085E00017A000082EA000080000F07F13A00008CC
:1085F000E79F0008E69F00080000F83FA8A10008D8
:1086000086A00008D9F81C301860089B0E2B00F2D9
:10861000A180002C00F09E80002F33DD9C4B07F0E2
:108620000F0203EBC203F805D3E90034CDE910349F
:108630004FEA271416D5DDE90C01964B0326D3E942
:108640000823F8F773F8CDE9060104F00F04914D03
:1086500054B9DDE91023DDE90601F8F767F8CDE943
:10866000060128E00226F2E7E10708D5DDE910015E
:10867000D5E90023F7F730FFCDE91001013664108A
:108680000835E5E700F0AF80DDE90C017C42804B66
:1086900004F00F0203EBC203D3E90023F7F71CFF3A
:1086A00002260023CDE906017A4D2411002C40F06A
:1086B0008F80002BD3D1DDE906450F9B002B00F006
:1086C0009480002220462946734BF8F777F900285A
:1086D00000F08B80089B002B00F08780BBF1000F1F
:1086E00034DD2046002229466C4BF7F7F5FE5C4648
:1086F000CDE9060107F1FF3801363046F7F782FE73
:10870000DDE90623F7F7E8FE0022654BF7F72EFDBB
:108710000546A1F15076002C6AD1DDE90601002260
:10872000604BF7F721FD02460B46CDE906232A46AA
:108730003346F8F761F9002840F09882DDE9060138
:108740002A4606F10043F8F739F938BBDDE90C3465
:10875000CDE90634159B002BC0F257810E2F00F394
:1087600054814B4B03EBC703D3E90034CDE9043408
:10877000219B002B80F2E580089B002B00F3E18019
:108780000CD1DDE904010022464BF7F7A5FEDDE937
:108790000623F8F727F9002800F066820024254612
:1087A000219B56466FEA030800272146484600F001
:1087B000BDFC002D00F0BD802FB1AF4203D0394683
:1087C000484600F0B3FC2946484600F0AFFCB0E054
:1087D000E20705D5D5E90023F7F77EFE0123013630
:1087E0006410083562E7022665E7B846089C84E70E
:1087F000274B0B9903EBC40353E90223544400298C
:1088000054D000202849F7F791FF33462A46F7F75E
:10881000ABFC5646CDE91001DDE90601F8F70CF98D
:108820000546F7F7EFFD02460B46DDE90601F7F7CF
:108830009BFC02460B463035CDE90623DDE91023CB
:1088400006F8015BF8F7BAF8002872D1DDE90623D3
:1088500000201149F7F788FCDDE91023F8F7AEF89E
:10886000002840F0B480A6423FF470AFDDE910016B
:1088700000220A4BF7F730FE0022CDE91001DDE9B6
:108880000601064BF7F728FECDE90601C4E700BF55
:10889000A8A1000880A100080000F03F00002440CB
:1088A00000001C40000014400000E03F3146284614
:1088B000F7F712FE5646CDE910011394DDE90601E3
:1088C000F8F7BAF80546F7F79DFD02460B46DDE9D5
:1088D0000601F7F749FC02460B46303506F8015B06
:1088E000A642CDE906234FF0000224D1DDE91001B4
:1088F000AE4BF7F73BFC02460B46DDE90601F8F705
:108900007BF8002863D1DDE910230020A749F7F7A1
:108910002BFC02460B46DDE90601F8F74FF800286C
:108920003FF414AF139E731E139316F8013C302BC3
:10893000F8D047463BE09E4BF7F7CEFDCDE9060168
:10894000BCE75646DDE90645DDE904232046294615
:10895000F7F7ECFEF8F770F88046F7F753FDDDE91E
:108960000423F7F7B9FD02460B4620462946F7F7E0
:10897000FBFB08F13004089D06F8014BA6EB0A0446
:10898000A54202460B4633D1F7F7F0FBDDE904239D
:1089900004460D46F8F730F8C0B9DDE90423204657
:1089A0002946F8F701F810B118F0010F0ED148462A
:1089B000039900F0BBFB00233370229B01371F603B
:1089C000249B002B00F04B821E6048E2B8463346E1
:1089D0001E4613F8012D392A06D19A45F8D13022C6
:1089E00008F101088AF800201A7801321A70A0E70D
:1089F00000226F4BF7F770FD0022002304460D465E
:108A0000F7F7D2FF00289FD0D1E70B9A002A00F099
:108A1000EA80209A012A00F3CD80129A002A00F001
:108A2000C18003F233430A9C049E049A01211A4434
:108A30000492099A48461A44099200F02BFC054614
:108A400066B1099B002B09DDB342A8BF3346049AE7
:108A5000F61AD21A0492099AD31A09930A9B0BB3F5
:108A60000B9B002B00F0C680002C00F0C080294634
:108A70002246484600F0C6FC039A01460546484691
:108A800000F01EFC03998046484600F04FFB0A9B0D
:108A90001B1B0A9300F0B18041460A9A484600F039
:108AA000B1FC03900121484600F0F4FB0E9B044604
:108AB000002B00F0D8811A460146484600F0A2FC7F
:108AC000209B0446012B00F39F80069B002B40F067
:108AD0009780079BC3F31303002B40F09380079B01
:108AE00023F000431B0D1B0533B1049B013304939A
:108AF000099B0133099301230A930E9B002B00F07D
:108B0000B881236904EB8303186900F077FBC0F197
:108B10002000099B184410F01F0000F08280C0F173
:108B20002003042B73DD049BC0F11C000344049359
:108B3000099B064403440993049B002B05DD1A4658
:108B40004846039900F0B8FC0390099B002B05DD13
:108B500021461A46484600F0AFFC04460F9B002B06
:108B600061D02146039800F013FD00285BDA002352
:108B70000A224846039900F0FBFA0B9B07F1FF38E5
:108B80000390002B00F07781294600230A224846F3
:108B900000F0EEFABBF1000F05466FDC209B022BC4
:108BA00049DC6BE0149BC3F136033CE70000E03F77
:108BB00000002440089B5C1E0A9BA34209DB1C1B8F
:108BC000089B002BBFF630AF049B089A9E1A002327
:108BD0002BE70A9B0E9AE31A1A440A94049E002477
:108BE000089B0E9221E70A9C049E0B9D28E7DDF866
:108BF0000C8051E70A9A039950E7CDF80C8051E7B1
:108C0000002379E7069B77E700230A9379E793D05F
:108C1000049A1C331A440492099A1E441A44099275
:108C20008AE70346F4E7089BB846002B20DC9B4606
:108C3000209B022B1EDDBBF1000F7FF4B1AD21465E
:108C40005B460522484600F093FA01460446039825
:108C500000F09EFC00287FF7A3AD5646312308F1B3
:108C6000010806F8013B9FE5B846089C2546F4E755
:108C7000DDF820B00B9B002B00F00181002E05DDFC
:108C800029463246484600F017FC05460A9B002B51
:108C90005CD04846696800F009FA064628B90246E1
:108CA00040F2EF21804BFFF743BB2A6905F10C012D
:108CB000023292000C30FFF790FA0122314648460A
:108CC00000F0FAFB2F4605460AF1010304930AEB74
:108CD0000B030A93069B03F001030993049B2146AF
:108CE000039803F1FF3BFFF786FA0346394630331A
:108CF000069003980B9300F04BFC2A4608902146FF
:108D0000484600F061FCC26806460B9B02BB014668
:108D1000039800F03DFC02460B9B31464846CDE9E6
:108D20000B3200F003FA209B0C9A049E42EA0301E6
:108D3000099B19430B9B0DD1392B27D0089A002A88
:108D400001DD069B31338BF800302EE52846B9E76C
:108D50000122E2E70899002904DB209801430998E1
:108D6000014320D1002AEEDD0122039948460493F5
:108D700000F0A2FB2146039000F00AFC0028049BAF
:108D800002DCE0D1DA07DED5392BDAD139238BF8D2
:108D9000003033461E4616F8012C013B392A4ED0CE
:108DA00001321A7001E5002A03DD392BEED00133C0
:108DB000C9E7049A0A9902F8013C8A4228D00023A4
:108DC0000A220399484600F0D3F9AF4203904FF0CE
:108DD00000034FF00A023946484607D100F0C8F9AF
:108DE00007460546049B0133049377E700F0C0F97A
:108DF0002946074600230A22484600F0B9F90546ED
:108E0000F0E7BBF1000FCCBF5E46012600275644B9
:108E1000012203994846049300F04EFB214603903B
:108E200000F0B6FB0028B4DC02D1049BDB07B0D411
:108E300033461E4613F8012D302AFAD0B5E49A4580
:108E4000A8D1312308F101088AF80030ADE4249B51
:108E5000DFF858A01BB10AF10803249A13605046AA
:108E600017B0BDE8F08F209B012B7FF72EAE0E9B35
:108E70000A9301204DE6BBF1000F7FF7D9AE5646AD
:108E800021460398FFF7B7F900F1300306F8013BDC
:108E9000A6EB0A029345B4DD00230A224846039953
:108EA00000F066F90390EBE786A000080AA000082E
:108EB00038B50546002940D051F8043C0C1F002B62
:108EC000B8BFE41800F0E6F81C4A136833B96360D1
:108ED00014602846BDE8384000F0E2B8A34208D943
:108EE000206821188B4201BF19685B68091821604E
:108EF000EDE71A465B680BB1A342FAD91168501826
:108F0000A0420BD120680144501883421160E0D187
:108F100018685B68084410605360DAE702D90C23D4
:108F20002B60D6E7206821188B4201BF19685B6867
:108F30000918216063605460CBE738BD68370020B2
:108F4000024B0146186800F025B800BF2800002039
:108F500070B50F4E0C463168054611B900F0C8FCDB
:108F600030602146284600F0C3FC431C03D14FF07B
:108F7000FF34204670BDC41C24F00304A042F8D086
:108F8000211A284600F0B4FC0130F2D1EFE700BF0F
:108F9000643700202DE9F843CD1C25F00305083582
:108FA0000C2D38BF0C25002D064601DBA94204D943
:108FB0000C2333600020BDE8F883DFF8D48000F094
:108FC00069F8D8F800301C4644BB29463046FFF704
:108FD000BFFF431C044658D1D8F800402746002F55
:108FE00043D1002C4BD023683946304604EB0309AB
:108FF00000F07EFC814542D1216830466D1A294639
:10900000FFF7A6FF01303AD023682B442360D8F83D
:1090100000305A6862BBC8F800700FE02268521B2B
:1090200020D40B2A17D96119A342256018BF5960B3
:10903000636808BFC8F8001062514B60304600F00A
:109040002FF804F10B00231D20F00700C21A1CBFEB
:109050001B1AA350AFE76268A3420CBFC8F80020F8
:109060005A60EBE723466468AEE73C467F68B6E7A4
:109070001A465B68A342FBD100235360DEE70C2352
:109080003046336000F00CF894E70560D6E700BF87
:10909000683700200148FFF790B800BF6037002014
:1090A0000148FFF78BB800BF6037002070B5C66974
:1090B00004460D4676B91020FFF742FF0246E061F4
:1090C00020B96B21174B184800F022FCC0E901665B
:1090D0000660C660E669F36883B1E369DB6853F84C
:1090E0002500B8B9012101FA05F6721D204692004B
:1090F00000F02CFC60B1C0E901560EE021220421F1
:10910000204600F023FCE369F060DB68002BE4D12B
:10911000002070BD026843F825200023C0E9033316
:10912000F7E700BF17A0000897A0000870B5C66950
:1091300005460C4676B91020FFF702FF0246E861AB
:1091400020B98F21084B094800F0E2FBC0E9016615
:109150000660C6603CB1EB696268DB6853F82210B8
:10916000216043F8224070BD17A0000897A00008B6
:109170002DE9F04107460C461E4600200D6901F11D
:10918000140CDCF80030013099B202FB01611E0CB6
:109190000B0C02FB063389B201EB034185424FEA17
:1091A00013464CF8041BECDC0EB3A368AB4219DC8D
:1091B000616838460131FFF779FF804628B90246D9
:1091C000BA210C4B0C4800F0A3FB226904F10C01FE
:1091D000023292000C30FFF700F821463846FFF7C4
:1091E000A5FF444604EB850301355E6125612046F9
:1091F000BDE8F08186A0000897A000080346B0F5FE
:10920000803F3ABF030410200020B3F1807F3CBFB1
:109210001B020830B3F1805F3CBF1B010430B3F187
:10922000804F3CBF9B000230002B05DB13F0804FCA
:1092300000F1010008BF202070470368024613F0C8
:1092400007000BD0D90721D4980749BF5B089B08BA
:10925000012013605CBF02201360704799B209B906
:1092600010201B0CD9B209B908301B0A190704BF1A
:109270001B090430990704BF9B080230D90703D4A7
:109280005B0800F1010003D01360704700207047B5
:109290002020704710B50C460121FFF707FF02465A
:1092A00028B940F24511044B044800F031FB01237A
:1092B0004461036110BD00BF86A0000897A00008AC
:1092C0002DE9F04F17460A693B6989469A42A2BFC9
:1092D0003B460F4699463D69D9F810A0BB687968AE
:1092E00005EB0A06B34285B0B8BF0131FFF7DEFED9
:1092F00030B902464FF4B171404B414800F008FBD1
:1093000000F114042346002204EB860E734520D39B
:1093100007F1140809F1140108EB850501EB8A0334
:109320000293EB1B153B23F0030304331537BD42B7
:1093300038BF04230193029B03918B420CD8002E6B
:1093400003DD5EF8043D002B55D0066105B0BDE895
:10935000F08F43F8042BD9E7B1F800A0BAF1000F61
:109360001FD0C446A14600275CF8042BD9F8003072
:109370001FFA82FB9BB20AFB0B333B44D9F8007007
:10938000120C3F0C0AFB027202EB13429BB243EA3F
:10939000024365454FEA124749F8043BE4D8019B74
:1093A000E750039B0431B3F80290B9F1000F20D0CD
:1093B0004746A4464FF0000A2368B7F800B0BCF84F
:1093C00002209BB209FB0B22524443EA02434CF8B1
:1093D000043B57F8043B4FEA134ABCF80030BD4247
:1093E00009FB0A3303EB12434FEA134AE5D8019A0B
:1093F000A35004349FE7013EA1E700BF86A0000808
:1094000097A000082DE9F843154612F0030207461D
:109410000E4607D0254C013A002354F82220FFF7CE
:10942000A7FE0646AD103DD0FC697CB91020FFF7C1
:1094300087FD0246F86128B940F2B3111C4B1D4864
:1094400000F066FAC0E901440460C460D7F81C80EB
:10945000D8F808404CB940F271213846FFF71AFF9E
:1094600000230446C8F8080003604FF00009EB072A
:109470000AD5314622463846FFF722FF804631465C
:109480003846FFF753FE46466D100BD0206838B9BA
:10949000224621463846FFF713FF2060C0F80090AF
:1094A0000446E4E73046BDE8F88300BF74A1000835
:1094B00017A0000897A000082DE9F0470C460746C2
:1094C00091462369496803EB6218A3684FEA621A60
:1094D00008F10106B3420BDB3846FFF7E7FD05460E
:1094E00048B902464FF4EF71274B284800F010FAB4
:1094F00001315B00EEE7002300F1140100F11002DE
:109500001846534533DB20692AEAEA7A04F114034A
:1095100019F01F0901EB8A0103EB800C2BD08A465E
:109520000022C9F1200E186800FA09F010434AF829
:10953000040B53F8042B9C4522FA0EF2F3D8ACEB43
:109540000403153B23F00303043304F115006045C5
:1095500088BF0423CA500AB108F10206013E38460A
:1095600021462E61FFF7E2FD2846BDE8F08742F86C
:10957000040F0133C5E7043953F8042B9C4541F827
:10958000042FF9D8EAE700BF86A0000897A00008DA
:1095900003460A69006930B5801A0ED114331431BC
:1095A00003EB820401EB820154F8045D51F8042DB1
:1095B000954203D005D24FF0FF3030BDA342F3D324
:1095C000FBE70120F9E700002DE9F74F8946064641
:1095D000114648461446FFF7DBFF051E12D1294607
:1095E0003046FFF763FD024628B940F237213E4B73
:1095F0003E4800F08DF90123C0E90435104603B060
:10960000BDE8F08FBCBF4B46A1463046D9F80410E8
:10961000BABF1C4601250025FFF748FD024618B9D0
:1096200040F24521304BE3E700F1140BD9F81070FC
:1096300009F11003C5604FF0000C09F11405D9467B
:10964000266904F1140E05EB87080EEB86060193DC
:10965000019B5EF8040B53F804AF81B201931FFA2B
:109660008AF35B1A000C6344C0EB1A4000EB234002
:109670009BB243EA004376454FEA204C49F8043B4D
:10968000E6D8331B153B23F0030315340433A642FD
:1096900038BF04231D445B441E462C4644450ED36C
:1096A00008F10301491B21F00301033DA84538BF20
:1096B00000210B4453F8041D99B117619EE7E6465B
:1096C00054F8041B1FFA81FCF444080C714400EBAD
:1096D0002C4089B241EA00414FEA204C46F8041B75
:1096E000DCE7013FE6E700BF86A0000897A000087E
:1096F0002DE97343012190469946089EFFF7D6FC59
:10970000044630B9024640F20F31234B234800F0A3
:10971000FFF8C9F30A55C9F313030DB143F48013DD
:109720000193B8F1000324D068460093FFF785FD4C
:10973000DDE90012D8B1C0F1200302FA03F30B43B4
:10974000C24063610192019B002B0CBF01220222E7
:10975000A3612261ADB1A5F2334505443560C0F186
:109760003500099B1860204602B0BDE87083616136
:10977000E9E701A8FFF761FD019B01226361203049
:10978000E7E7A0F2324004EB820330601869FFF78C
:1097900035FDC0EB4210E4E786A0000897A0000862
:1097A000B1F90C20F8B5160705460C4654D44B68A1
:1097B000002B02DC0B6C002B48DDE66A002E45D046
:1097C000002312F480522F68216A2B6030D0626D22
:1097D000A389590705D56368D21A636B0BB1236C53
:1097E000D21A00232846E66A216AB047431CA3899F
:1097F00006D129681D292BD8284ACA40D60727D563
:10980000002262602269D904226004D5421C01D181
:109810002B6803B96065616B2F60B9B104F1440333
:10982000994202D02846FFF743FB002363630DE013
:1098300001232846B0470246501CC9D12B68002B93
:10984000C6D01D2B01D0162B1DD12F60002021E08A
:1098500043F040031BB21AE00F69002FF6D09307C4
:1098600018BF00230E6808BF4B69F61B0F608B60A2
:10987000002EEBDD33463A462846216AD4F828C04C
:10988000E047002807DCB4F90C3043F040034FF008
:10989000FF30A381F8BD0744361AE9E701004020F4
:1098A00038B50B6905460C4613B90025284638BD66
:1098B00018B1036A0BB9FEF789FBB4F90C30002B21
:1098C000F3D0626ED00704D4990502D4A06DFEF7E0
:1098D00074FC28462146FFF763FF636E0546DA07EE
:1098E000E4D4A3899B05E1D4A06DFEF767FCDDE716
:1098F00038B50023054D044608462B60F9F7C4FA35
:10990000431C02D12B6803B1236038BD5C370020B3
:109910001FB514461A46094B05461B68D8684CB15A
:10992000074BCDE9013400912B46064900F042F87F
:1099300000F052F8044B1C46F3E700BF280000205B
:10994000FAA0000807A1000835A1000870B5A1FB26
:10995000025434B92946FFF71DFB064628B93046A4
:1099600070BD0C2200260260F9E72A462146FEF768
:10997000A6FBF4E782B001B901A942B14BB113785B
:109980000B601278101E18BF012002B070471046FD
:10999000FBE76FF00100F8E70346084641B1FF2AF4
:1099A00004D98A224FF0FF301A60704701200A70F4
:1099B000704700000EB403B5014603AB054853F8E9
:1099C000042B0068019300F035F802B05DF804EB59
:1099D00003B0704728000020062008B500F0FEF90B
:1099E0000120F9F723FA936810B4013B002B936030
:1099F00007DA9469A34201DB0A2902D110BC00F006
:109A000031B91368581C10601970084610BC7047B3
:109A1000F8B506460F461446D518AC4201D10020D1
:109A200007E03A46304614F8011BFFF7DCFF431C01
:109A3000F3D1F8BD2DE9F04F0D4614469846064681
:109A40009DB018B1036A0BB9FEF7C0FA6B6ED90767
:109A500005D4AB899A0502D4A86DFEF7AEFBAB899D
:109A60001B0701D52B699BB92946304600F038F910
:109A700070B16B6EDC0704D54FF0FF301DB0BDE850
:109A8000F08FAB899805F7D4A86DFEF797FBF3E745
:109A90000023099320238DF8293030234FF001094A
:109AA000CDF80C80DFF8A8818DF82A3023469A463D
:109AB00013F8012B0AB1252AF9D1BAEB040B0BD00C
:109AC0005B46224629463046FFF7A2FF013000F0F0
:109AD000A780099A5A4409929AF80030002B00F0A6
:109AE0009F8000234FF0FF32CDE905230AF1010AE0
:109AF000049307938DF853301A935446052214F8B3
:109B0000011B5348FEF75BFB049AD8B9D10644BF4A
:109B100020238DF85330130744BF2B238DF8533087
:109B20009AF800302A2B15D0544600204FF00A0C2A
:109B3000079A214611F8013B303B092B4BD9B0B1B4
:109B4000079214E0A0EB080309FA03F31343A246BB
:109B50000493D2E7039B191D1B680391002BBBBF25
:109B60005B4242F0020207930793B8BF0492237846
:109B70002E2B0AD163782A2B32D1039B02341A1D73
:109B80001B68039243EAE3730593DFF8C8A003223E
:109B900050462178FEF713FB38B14022049BA0EB1E
:109BA0000A00824013430134049314F8011B062277
:109BB00029488DF82810FEF702FB00283FD0274BDC
:109BC0001BBB039B073323F0070308330393099B55
:109BD0003B4409936AE70C4601200CFB0232A8E7DC
:109BE00000234FF00A0C194601340593204610F863
:109BF000012B303A092A03D9002BC6D00591C4E7BE
:109C0000044601230CFB0121F0E703AB00932A4635
:109C10003046134B04A9FDF791FD0746781CD6D1B9
:109C20006B6ED90705D4AB899A0502D4A86DFEF7EF
:109C3000C5FAAB895B063FF51FAF09981EE703AB7A
:109C400000932A463046064B04A9FEF715F8E4E7D0
:109C500036A100083CA1000840A100083D7700089B
:109C6000119A0008F8B50E461446054618B1036A65
:109C70000BB9FEF7ABF9A369A360A3891A0701D555
:109C8000236943B92146284600F02AF818B14FF05D
:109C9000FF373846F8BD23682269F6B2981A63691F
:109CA0003746834205DC21462846FFF7F9FD0028A8
:109CB000EDD1A368013BA36023685A1C22601E708B
:109CC0006269431C9A4204D0A389DB07E1D50A2EBE
:109CD000DFD121462846FFF7E3FD0028D9D0D6E79B
:109CE00038B5294B054618680C4618B1036A0BB9FC
:109CF000FEF76CF9B4F90C30190722D4DA0607D450
:109D000009222A6043F040034FF0FF30A38133E083
:109D1000580712D5616B41B104F14403994202D056
:109D20002846FFF7C5F800236363A38923F02403C3
:109D3000A3810023636023692360A38943F00803A0
:109D4000A38123694BB9A38903F42073B3F5007F82
:109D500003D02146284600F082F8B4F90C3013F005
:109D600001020AD00022A26062695242A261226905
:109D700042B913F08000C5D138BD990758BF626958
:109D8000A260F4E70020F7E7280000201F2938B57B
:109D900005460C4604D9162303604FF0FF3038BD4A
:109DA000C26B12B152F821304BB9284600F030F89E
:109DB000224601462846BDE8384000F017B8012B7E
:109DC0000AD0591C03D1162303600120E7E70021C4
:109DD000204642F8241098470020E0E7024B014655
:109DE0001868FFF7D3BF00BF2800002038B5002354
:109DF000064D0446084611462B60F9F70FF8431C40
:109E000002D12B6803B1236038BD00BF5C3700204E
:109E1000F9F702B870B50C46B1F90E1015460029D5
:109E20001E4696B00CDAA389002113F0800F14BFF0
:109E300040234FF48063002031602B6016B070BD6A
:109E40006A4600F049F80028EDDB019901F4704101
:109E5000A1F50053594259414FF48063EBE78B89D8
:109E6000F7B59D0706460C4607D504F14703236066
:109E700023610123636103B0F0BD6A4601ABFFF7C4
:109E8000C9FF009F054639463046FFF783F848B9B9
:109E9000B4F90C309A05EED423F0030343F0020327
:109EA000A381E2E7A389C4E9040743F08003A38107
:109EB000019B20605BB13046B4F90E1000F01EF833
:109EC00028B1A38923F0030343F00103A381A389ED
:109ED0001D43A581CFE7000038B50023064D044699
:109EE000084611462B60F8F7C6FF431C02D12B68C9
:109EF00003B1236038BD00BF5C37002038B50023B4
:109F0000054D044608462B60F8F7BAFF431C02D102
:109F10002B6803B1236038BD5C370020F8B500BF63
:109F2000F8BC08BC9E467047F8B500BFF8BC08BC3A
:049F30009E46704792
:109F3800C59F0008BD1A00080000000000000000CE
:109F4800800000000000000000000000BD9F000825
:109F5800411B000800000000000000000002000093
:109F68000000000000000000B39F00086D1C0008FE
:109F780000000000000000000001000000000000D8
:109F880000000000A89F00087D1C000800000000D9
:109F98000000000080000000000000000000000039
:109FA8006D6F646275735461736B00736B363078D0
:109FB8005461736B00626D735461736B0064656602
:109FC80061756C745461736B0049444C4500494E8B
:109FD8004600696E66004E414E006E616E003000AC
:109FE80030313233343536373839414243444546C7
:109FF800003031323334353637383961626364655D
:10A008006600496E66696E697479004E614E005249
:10A0180045454E54206D616C6C6F632073756363A6
:10A028006565646564002F6275696C642F676E7579
:10A038002D746F6F6C732D666F722D73746D333260
:10A048005F31332E332E72656C312E32303234301C
:10A058003932362D313731352F7372632F6E65776C
:10A068006C69622F6E65776C69622F6C6962632F09
:10A078007374646C69622F64746F612E630042614B
:10A088006C6C6F6320737563636565646564002F2A
:10A098006275696C642F676E752D746F6F6C732DA4
:10A0A800666F722D73746D33325F31332E332E72B7
:10A0B800656C312E32303234303932362D31373109
:10A0C800352F7372632F6E65776C69622F6E6577B3
:10A0D8006C69622F6C6962632F7374646C69622F98
:10A0E8006D707265632E63004300504F53495800EA
:10A0F8002E002C2066756E6374696F6E3A200061BD
:10A108007373657274696F6E2022257322206661ED
:10A11800696C65643A2066696C6520222573222C77
:10A12800206C696E65202564257325730A00232D2C
:10A13800302B2000686C4C00656667454647000078
:10A1480000000001020304000000000000000001FC
:10A1580002030406070809010202030405060708AA
:10A16800090A0B0C0D0E0F1010000000050000006E
:10A17800190000007D0000000080E03779C34143EA
:10A18800176E05B5B5B89346F5F93FE9034F384D55
:10A19800321D30F94877825A3CBF737FDD4F157501
:10A1A800000000000000F03F000000000000244014
:10A1B80000000000000059400000000000408F40EF
:10A1C800000000000088C34000000000006AF8405A
:10A1D8000000000080842E4100000000D01263417E
:10A1E8000000000084D797410000000065CDCD41F4
:10A1F800000000205FA00242000000E876483742D5
:10A20800000000A2941A6D42000040E59C30A24272
:10A218000000901EC4BCD64200003426F56B0C43E7
:10A228000080E03779C3414300A0D885573476438E
:10A2380000C84E676DC1AB43003D9160E458E143EF
:10A24800408CB5781DAF154450EFE2D6E41A4B4464
:10A2580092D54D06CFF08044F64AE1C7022DB544A9
:10A26800B49DD9794378EA4400202020202020207A
:10A2780020202828282828202020202020202020AE
:10A2880020202020202020202088101010101010BE
:10A29800101010101010101010040404040404040A
:10A2A80004040410101010101010414141414141A4
:10A2B8000101010101010101010101010101010186
:10A2C8000101010110101010101042424242424296
:10A2D8000202020202020202020202020202020256
:10A2E80002020202101010102000000000000000FE
:10A2F8000000000000000000000000000000000056
:10A308000000000000000000000000000000000045
:10A318000000000000000000000000000000000035
:10A328000000000000000000000000000000000025
:10A338000000000000000000000000000000000015
:10A348000000000000000000000000000000000005
:10A3580000000000000000000000000000000000F5
:0CA36800000000000000000000000000E9
:08A37400DC5DFF7F0100000029
:04A37C00350100089F
:04A3800011010008BF
:10A3840000005841020500010700000000127A0095
:10A394000100000010000000AAAAAAAA0000000000
:10A3A40003000000203600202C00002000000000E4
:10A3B4002036002088360020F036002000000000FF
:10A3C4000000000000000000000000000000000089
:10A3D4000000000000000000000000000000000079
:10A3E4000000000000000000000000000000000069
:10A3F4000000000000000000430000000000000016
:10A404000000000000000000000000000000000048
:10A4140000000000000000004300000000000000F5
:10A424000000000000000000000000000000000028
:10A4340000000000000000004300000000000000D5
:10A444000000000000000000000000000000000008
:10A4540000000000000000004300000000000000B5
:10A4640000000000000000000000000000000000E8
:10A474000000000000000000430000000000000095
:10A4840000000000000000000000000000000000C8
:10A494000000000000000000430000000000000075
:10A4A40000000000000000000000000000000000A8
:10A4B4000000000000000000430000000000000055
:10A4C4000000000000000000000000000000000088
:10A4D4000000000000000000999900087599000828
:10A4E4000000000070A20008F8A0000835A10008D0
:10A4F40035A1000835A1000835A1000835A10008E0
:10A5040035A1000835A1000835A1000835A10008CF
:10A51400FFFFFFFFFFFFFFFFFFFFFFFFFFFF000045
:10A5240001004153434949000000000000000000BD
:10A534000000000000000000000000000000000017
:10A54400000041534349490000000000000000009E
:10A5540000000000000000000000000000000000F7
:04A5640000000000F3
:0400000508002ECDF4
:00000001FF
